team_id,team,avgpointsagainst,avgpointsfor,clincher,differential,divisionwinpercent,gamesbehind,leaguewinpercent,losses,playoffseed,pointdifferential,points,pointsagainst,pointsfor,streak,winpercent,wins,leaguestandings,home,road,vsdiv,vsconf,lasttengames,year,team_name,season,avg_wtif,sd_wtif,avg_wtb,sd_wtb,nuw,nuw2,avg_ltif,sd_ltif,avg_ltb,sd_ltb,ndd,ndd2,div_win,post_season,second_round,conf_win,finals,title_win
9,Golden State Warriors,104.256096,115.89024,3,11.6,87.5,0,80.76923000000001,15,1,954,26,8549,9503,1,81.707317,67,67-15,36-5,31-10,14-2,42-10,9-1,2017,GS,17,78.29550165837479,20.90223046769623,17.766894693200662,19.59992458793416,3,1,26.326543209876547,29.35892046323472,64.17037037037036,32.87080283268684,2,2,TRUE,TRUE,TRUE,TRUE,TRUE,TRUE
24,San Antonio Spurs,98.13415,105.32927,2,7.2,68.75,6,69.23076999999999,21,2,590,20,8047,8637,-3,74.39024400000001,61,61-21,31-10,30-11,11-5,36-16,5-5,2017,SA,17,66.30066029143899,28.849430248828245,26.612818761384332,26.019153529625843,8,3,29.03207671957672,25.63334660402462,64.40443121693121,27.644075963636478,1,1,TRUE,TRUE,TRUE,TRUE,FALSE,FALSE
10,Houston Rockets,109.57317,115.34146,1,5.7,62.5,12,69.23076999999999,27,3,473,14,8985,9458,1,67.07317,55,55-27,30-11,25-16,10-6,36-16,5-5,2017,HOU,17,76.34810606060606,22.123644404665495,17.87239057239057,19.59692275923406,2,0,30.66358024691358,29.077402280492805,63.44264403292181,31.056258854910624,6,3,FALSE,TRUE,TRUE,FALSE,FALSE,FALSE
2,Boston Celtics,105.37805,108.03658,3,2.59999999999999,68.75,14,69.23076999999999,29,1,218,12,8641,8859,3,64.634144,53,53-29,30-11,23-18,11-5,36-16,7-3,2017,BOS,17,68.80542452830188,26.56178147213213,24.46069182389937,24.11410223022957,2,1,28.537835249042143,25.757316203860984,64.77897509578544,28.336183006020025,3,1,TRUE,TRUE,TRUE,TRUE,FALSE,FALSE
5,Cleveland Cavaliers,107.15854,110.34146,2,3.09999999999999,50,16,67.30769,31,2,261,10,8787,9048,-4,62.19512,51,51-31,31-10,20-21,8-8,35-17,4-6,2017,CLE,17,76.2755991285403,22.75512268884708,17.984431735657225,20.829049122653586,3,2,24.01254480286738,22.1066740164697,68.4769265232975,26.243298759267798,2,1,TRUE,TRUE,TRUE,TRUE,TRUE,FALSE
26,Utah Jazz,96.768295,100.70731,2,3.90000000000001,50,16,59.615386,31,5,323,10,7935,8258,2,62.19512,51,51-31,29-12,22-19,8-8,31-21,7-3,2017,UTAH,17,71.53104575163398,27.035417098447006,21.000816993464053,23.550552102543246,7,1,21.20049283154122,27.414054327748033,73.3953853046595,29.13155497551668,5,2,TRUE,TRUE,TRUE,FALSE,FALSE,FALSE
28,Toronto Raptors,102.64634,106.85366,1,4.30000000000001,87.5,16,65.384614,31,3,345,10,8417,8762,4,62.19512,51,51-31,28-13,23-18,14-2,34-18,8-2,2017,TOR,17,62.74782135076252,26.57633998522763,30.726579520697168,24.46766727382283,7,3,31.52195340501792,30.19023654923193,61.798611111111114,31.425638107326876,7,4,FALSE,TRUE,TRUE,FALSE,FALSE,FALSE
12,LA Clippers,104.37805,108.67073,1,4.3,62.5,16,59.615386,31,4,352,10,8559,8911,7,62.19512,51,51-31,29-12,22-19,10-6,31-21,8-2,2017,LAC,17,78.10498366013073,20.649041713888035,16.389842047930284,18.90834037365448,1,1,27.878957586618874,26.150328505102273,65.35394265232975,29.08541291580042,7,1,FALSE,TRUE,FALSE,FALSE,FALSE,FALSE
27,Washington Wizards,107.37805,109.18293,2,1.8,50,18,61.538464000000005,33,4,148,8,8805,8953,-1,59.756100000000004,49,49-33,30-11,19-22,8-8,32-20,5-5,2017,WSH,17,67.90575396825396,29.22354548877129,24.740362811791382,25.504328004526243,6,1,31.205387205387204,22.603464612853717,61.09890572390573,23.388746233414107,4,1,TRUE,TRUE,TRUE,FALSE,FALSE,FALSE
25,Oklahoma City Thunder,105.84146,106.597565,1,0.799999999999997,62.5,20,55.76923,35,6,62,6,8679,8741,-1,57.31707,47,47-35,28-13,19-22,10-6,29-23,6-4,2017,OKC,17,68.68543144208039,28.040211548003075,24.10091607565012,25.04684050654471,5,5,22.72162698412698,22.031255093907216,71.44424603174603,22.79117131765576,2,1,FALSE,TRUE,FALSE,FALSE,FALSE,FALSE
1,Atlanta Hawks,104.01219,103.15854,1,-0.799999999999997,37.5,24,57.69231,39,5,-70,2,8529,8459,-1,52.43902,43,43-39,23-18,20-21,6-10,30-22,6-4,2017,ATL,17,63.932816537467694,30.989387827511965,27.04877260981912,26.891633726315035,6,3,20.016025641025642,22.469934764664373,75.12820512820512,23.93891591978253,3,1,FALSE,TRUE,FALSE,FALSE,FALSE,FALSE
29,Memphis Grizzlies,99.98781,100.47561,1,0.5,50,24,53.84615699999999,39,7,40,2,8199,8239,-2,52.43902,43,43-39,24-17,19-22,8-8,28-24,3-7,2017,MEM,17,67.66402885443583,26.750018398159465,23.407461240310077,23.660397346627153,5,2,19.492343304843303,20.903800646399308,73.56552706552706,24.488517084978,1,1,FALSE,TRUE,FALSE,FALSE,FALSE,FALSE
15,Milwaukee Bucks,103.80488,103.62195,1,-0.200000000000003,62.5,25,51.92308,40,6,-15,1,8512,8497,-1,51.21951,42,42-40,23-18,19-22,10-6,27-25,5-5,2017,MIL,17,70.91550925925925,23.054848902948972,22.232473544973544,21.41439216608434,2,1,24.010937499999997,23.5880508349398,69.20972222222223,26.0176345997364,3,2,FALSE,TRUE,FALSE,FALSE,FALSE,FALSE
11,Indiana Pacers,105.31707,105.097565,1,-0.200000000000003,50,25,50,40,7,-18,1,8636,8618,5,51.21951,42,42-40,29-12,13-28,8-8,26-26,6-4,2017,IND,17,73.03306878306879,26.127354230397497,20.531415343915345,24.72621277846122,3,2,25.385706018518515,22.959452805782984,68.3060763888889,25.29365663620703,3,0,FALSE,TRUE,FALSE,FALSE,FALSE,FALSE
4,Chicago Bulls,102.439026,102.86585,1,0.5,56.25,26,53.84615699999999,41,8,35,0,8400,8435,2,50,41,41-41,25-16,16-25,9-7,28-24,7-3,2017,CHI,17,68.86365176151762,27.497739751569867,24.284044715447152,24.029676225824083,3,1,27.829437669376695,27.924550695768126,65.32452574525746,30.154164036806876,7,4,FALSE,TRUE,FALSE,FALSE,FALSE,FALSE
22,Portland Trail Blazers,108.46342,107.939026,1,-0.599999999999994,68.75,26,53.84615699999999,41,8,-43,0,8894,8851,-1,50,41,41-41,25-16,16-25,11-5,28-24,7-3,2017,POR,17,70.057418699187,24.058997662000998,23.579945799457995,21.972800833547694,2,2,31.30493450767841,29.066906175607844,61.55098238482385,32.416021554747836,7,4,FALSE,TRUE,FALSE,FALSE,FALSE,FALSE
14,Miami Heat,102.10976,103.17073,4,1.10000000000001,56.25,26,51.92308,41,9,87,0,8373,8460,3,50,41,41-41,23-18,18-23,9-7,27-25,6-4,2017,MIA,17,69.3606029810298,23.01266170694642,23.11331300813008,20.70820312104064,2,1,24.190661698283648,23.862064958088318,69.32785682023487,26.295743871736875,4,2,FALSE,FALSE,FALSE,FALSE,FALSE,FALSE
7,Denver Nuggets,111.20731,111.71951,4,0.5,37.5,27,46.153846,42,9,42,-1,9119,9161,2,48.78049,40,40-42,22-19,18-23,6-10,24-28,5-5,2017,DEN,17,78.640625,22.284463325130865,16.419270833333332,20.009602858414507,1,0,23.144345238095237,21.394377173934615,69.68783068783068,24.43989495536409,4,1,FALSE,FALSE,FALSE,FALSE,FALSE,FALSE
8,Detroit Pistons,102.45122,101.32927,4,-1.2,31.25,30,40.384614,45,10,-92,-4,8401,8309,-2,45.12195,37,37-45,24-17,13-28,5-11,21-31,3-7,2017,DET,17,67.77665165165165,32.18164915099842,25.89627127127127,28.02701119591773,5,2,17.37608024691358,19.497870042457414,76.48564814814814,20.888788587934833,2,2,FALSE,FALSE,FALSE,FALSE,FALSE,FALSE
30,Charlotte Hornets,104.71951,104.89024,4,0.200000000000003,62.5,31,42.307693,46,11,14,-5,8587,8601,-5,43.90244,36,36-46,22-19,14-27,10-6,22-30,4-6,2017,CHA,17,67.58680555555556,27.129646629574644,26.578896604938272,24.839626266288317,5,2,25.938254830917874,23.228843431301286,65.24290458937199,27.598958705438655,3,2,FALSE,FALSE,FALSE,FALSE,FALSE,FALSE
3,New Orleans Pelicans,106.439026,104.34146,4,-2.10000000000001,37.5,33,38.46154,48,10,-172,-7,8728,8556,1,41.463414,34,34-48,21-20,13-28,6-10,20-32,4-6,2017,NO,17,63.37397875816993,27.841768577095888,28.71650326797386,24.424941431964754,5,1,22.13937114197531,19.403471044998497,70.52541473765433,22.969062320934377,1,0,FALSE,FALSE,FALSE,FALSE,FALSE,FALSE
6,Dallas Mavericks,100.84146,97.914635,4,-2.89999999999999,31.25,34,36.53846,49,11,-240,-8,8269,8029,1,40.243902999999996,33,33-49,21-20,12-29,5-11,19-33,2-8,2017,DAL,17,63.26262626262626,27.84316487388429,30.380892255892256,25.74272503438546,4,3,17.182256235827666,18.705088827570467,75.86281179138322,20.7824612553988,1,1,FALSE,FALSE,FALSE,FALSE,FALSE,FALSE
23,Sacramento Kings,106.68293,102.80488,4,-3.90000000000001,43.75,35,40.384614,50,12,-318,-9,8748,8430,-1,39.02439,32,32-50,17-24,15-26,7-9,21-31,5-5,2017,SAC,17,55.18446180555555,28.27178717686454,36.572482638888886,28.052041356608736,7,4,24.811944444444446,26.92040477525211,68.26722222222223,30.151811165911447,8,3,FALSE,FALSE,FALSE,FALSE,FALSE,FALSE
18,New York Knicks,108.01219,104.34146,4,-3.7,31.25,36,42.307693,51,12,-301,-10,8857,8556,1,37.804877999999995,31,31-51,19-22,12-29,5-11,22-30,4-6,2017,NY,17,62.11469534050179,28.87508622761205,32.116711469534046,27.7071644385487,5,4,22.508169934640524,23.14504881266549,70.42960239651416,26.937144594616562,4,0,FALSE,FALSE,FALSE,FALSE,FALSE,FALSE
16,Minnesota Timberwolves,106.68293,105.57317,4,-1.10000000000001,31.25,36,34.615386,51,13,-91,-10,8748,8657,-6,37.804877999999995,31,31-51,20-21,11-30,5-11,18-34,3-7,2017,MIN,17,71.32571684587813,28.030324437561728,22.460349462365592,25.644984189888447,4,2,30.45261437908497,23.218280487912093,61.502450980392155,25.36699365205772,5,1,FALSE,FALSE,FALSE,FALSE,FALSE,FALSE
19,Orlando Magic,107.64634,101.07317,4,-6.5,43.75,38,38.46154,53,13,-539,-12,8827,8288,1,35.365853,29,29-53,16-25,13-28,7-9,20-32,3-7,2017,ORL,17,68.80379948914431,27.654355888620753,24.362707535121327,23.798116168658474,3,1,23.246069182389935,24.136436913101946,70.24030398322851,26.31150588039689,7,3,FALSE,FALSE,FALSE,FALSE,FALSE,FALSE
20,Philadelphia 76ers,108.13415,102.439026,4,-5.69999999999999,43.75,39,36.53846,54,14,-467,-13,8867,8400,-8,34.146342000000004,28,28-54,17-24,11-30,7-9,19-33,1-9,2017,PHI,17,59.20461309523809,26.959968288657095,32.31894841269841,26.682372703542452,5,1,25.553455075445815,25.37419660872687,68.23366769547326,27.922212419858383,8,5,FALSE,FALSE,FALSE,FALSE,FALSE,FALSE
13,Los Angeles Lakers,111.45122,104.57317,4,-6.90000000000001,37.5,41,30.769232000000002,56,14,-564,-15,9139,8575,-1,31.707317000000003,26,26-56,17-24,9-32,6-10,16-36,5-5,2017,LAL,17,64.59561965811966,29.947206782742175,28.811965811965813,26.901040493659355,6,1,19.12016369047619,22.706091073295266,75.42410714285714,25.018313398209024,4,2,FALSE,FALSE,FALSE,FALSE,FALSE,FALSE
21,Phoenix Suns,113.32927,107.69512,4,-5.59999999999999,18.75,43,21.153846,58,15,-462,-17,9293,8831,-1,29.268292000000002,24,24-58,15-26,9-32,3-13,11-41,2-8,2017,PHX,17,59.17013888888889,24.70827248854025,32.10706018518518,22.929755440635255,2,2,21.129430076628353,22.084502268486364,72.82806513409962,25.953609481557617,5,1,FALSE,FALSE,FALSE,FALSE,FALSE,FALSE
17,Brooklyn Nets,112.5,105.768295,4,-6.7,18.75,47,21.153846,62,15,-552,-21,9225,8673,-2,24.390244,20,20-62,13-28,7-34,3-13,11-41,5-5,2017,BKN,17,67.58680555555556,28.41854942336031,26.17939814814815,24.67195945527358,3,1,22.743055555555554,25.097147313563124,71.23196684587813,27.018419312247122,3,2,FALSE,FALSE,FALSE,FALSE,FALSE,FALSE
10,Houston Rockets,103.87805,112.35366,5,8.5,75,0,78.84615699999999,17,1,695,24,8518,9213,-1,79.268295,65,65-17,34-7,31-10,12-4,41-11,7-3,2018,HOU,18,75.13648504273505,28.153181985479968,19.390722934472933,25.41742105781949,6,5,32.36825980392157,30.070797028779907,62.640522875817,30.256086789556118,3,2,TRUE,TRUE,TRUE,TRUE,FALSE,FALSE
28,Toronto Raptors,103.87805,111.65854,3,7.8,75,6,76.92308,23,1,638,18,8518,9156,-1,71.95122,59,59-23,34-7,25-16,12-4,40-12,6-4,2018,TOR,18,71.0957038606403,24.34589047225239,21.753283898305085,22.597416305692338,7,0,35.04009661835749,23.767518180946293,56.69341787439613,26.54420093082763,2,1,TRUE,TRUE,TRUE,FALSE,FALSE,FALSE
9,Golden State Warriors,107.48781,113.46342,2,6,81.25,7,65.384614,24,2,490,17,8814,9304,-1,70.731705,58,58-24,29-12,29-12,13-3,34-18,4-6,2018,GS,18,68.64967105263158,22.55413032301283,25.066885964912284,21.441281230967597,3,2,31.334780092592595,30.096339243742882,62.87876157407407,32.68683716155584,6,3,TRUE,TRUE,TRUE,TRUE,TRUE,TRUE
2,Boston Celtics,100.42683,104.01219,1,3.59999999999999,75,10,63.461535999999995,27,2,294,14,8235,8529,1,67.07317,55,55-27,27-14,28-13,12-4,33-19,6-4,2018,BOS,18,64.19713383838383,29.83263910144877,29.33617424242424,28.177591385922735,8,6,34.16006515775034,24.42502156824246,58.4221536351166,25.992618045563447,3,1,FALSE,TRUE,TRUE,TRUE,FALSE,FALSE
20,Philadelphia 76ers,105.30488,109.80488,1,4.5,56.25,13,65.384614,30,3,369,11,8635,9004,16,63.414632999999995,52,52-30,30-11,22-19,9-7,34-18,10-0,2018,PHI,18,79.8069577991453,22.650760962460907,15.161191239316238,20.623394746483925,4,2,34.9655753968254,27.94798501648007,57.823991402116405,26.47234104676277,7,4,FALSE,TRUE,TRUE,FALSE,FALSE,FALSE
5,Cleveland Cavaliers,109.92683,110.86585,2,1,68.75,15,67.30769,32,4,77,9,9014,9091,-1,60.97561,50,50-32,29-12,21-20,11-5,35-17,7-3,2018,CLE,18,64.71573611111111,24.013564311771166,27.930513888888886,21.2294634790151,6,1,19.561848958333332,22.53370168156604,74.72981770833333,24.67128738787755,2,1,TRUE,TRUE,TRUE,TRUE,TRUE,FALSE
22,Portland Trail Blazers,103.02439,105.62195,2,2.59999999999999,56.25,16,59.615386,33,3,213,8,8448,8661,1,59.756100000000004,49,49-33,28-13,21-20,9-7,31-21,5-5,2018,POR,18,68.89930555555556,28.27775428391831,24.664753401360546,26.872887742506485,8,5,32.11142676767677,24.361236960339067,59.916666666666664,26.49045744766964,5,3,TRUE,TRUE,FALSE,FALSE,FALSE,FALSE
25,Oklahoma City Thunder,104.439026,107.85366,1,3.5,31.25,17,53.84615699999999,34,4,280,7,8564,8844,3,58.536583,48,48-34,27-14,21-20,5-11,28-24,5-5,2018,OKC,18,71.41708671057076,24.993330531965686,22.070594815940563,22.796957293784548,4,3,30.932781862745095,24.618315678211555,61.70151143790849,25.7447922651536,7,2,FALSE,TRUE,FALSE,FALSE,FALSE,FALSE
11,Indiana Pacers,104.18293,105.560974,1,1.39999999999999,62.5,17,61.538464000000005,34,5,113,7,8543,8656,-1,58.536583,48,48-34,27-14,21-20,10-6,32-20,7-3,2018,IND,18,66.20033275462963,29.54955867010749,27.46617476851852,27.86827108576157,7,5,20.476817810457515,23.757996559267298,73.91207107843137,25.043384492602666,4,2,FALSE,TRUE,FALSE,FALSE,FALSE,FALSE
26,Utah Jazz,99.84146,104.14634,1,4.3,43.75,17,65.384614,34,5,353,7,8187,8540,-1,58.536583,48,48-34,28-13,20-21,7-9,34-18,7-3,2018,UTAH,18,75.95348668981482,21.907834198215507,18.93706597222222,19.862526047125407,2,0,22.237642973856207,24.248086960047825,70.96278594771242,25.943044730115204,3,2,FALSE,TRUE,TRUE,FALSE,FALSE,FALSE
3,New Orleans Pelicans,110.414635,111.71951,1,1.3,56.25,17,51.92308,34,6,107,7,9054,9161,5,58.536583,48,48-34,24-17,24-17,9-7,27-25,6-4,2018,NO,18,63.90170235339506,29.970786901735696,28.26270736882716,27.329304116191246,7,3,29.421401515151512,27.7381955644511,64.94286616161617,29.486880425672656,7,4,FALSE,TRUE,TRUE,FALSE,FALSE,FALSE
24,San Antonio Spurs,99.84146,102.731705,1,2.90000000000001,56.25,18,55.76923,35,7,237,6,8187,8424,-1,57.31707,47,47-35,33-8,14-27,9-7,29-23,5-5,2018,SA,18,69.83234338061466,26.401859412015217,23.51854314420804,25.5230940419363,5,4,28.398313492063494,28.74893845096935,65.22654761904761,30.307324146941504,4,3,FALSE,TRUE,FALSE,FALSE,FALSE,FALSE
16,Minnesota Timberwolves,107.28049,109.51219,1,2.2,62.5,18,65.384614,35,8,183,6,8797,8980,3,57.31707,47,47-35,30-11,17-24,10-6,34-18,6-4,2018,MIN,18,69.97096631205673,25.65062284755329,23.437647754137117,23.846477193759096,4,2,35.66323412698413,28.47641909325575,56.608492063492065,30.600071012697715,10,5,FALSE,TRUE,FALSE,FALSE,FALSE,FALSE
7,Denver Nuggets,108.52439,110,4,1.5,56.25,19,53.84615699999999,36,9,121,5,8899,9020,-1,56.09756,46,46-36,31-10,15-26,9-7,28-24,7-3,2018,DEN,18,69.78730374396135,26.189037604377486,23.37193538647343,23.683238694602192,5,1,23.84002057613169,22.891697106952652,69.71768904320987,25.137994862361722,3,1,FALSE,FALSE,FALSE,FALSE,FALSE,FALSE
14,Miami Heat,102.939026,103.414635,2,0.5,68.75,21,59.615386,38,6,39,3,8441,8480,1,53.65854,44,44-38,26-15,18-23,11-5,31-21,5-5,2018,MIA,18,65.17267992424243,26.410861583533602,27.340430345117845,23.967043364400027,4,2,31.31456505847953,25.780384782898718,59.900383771929825,28.39375591895183,6,3,TRUE,TRUE,FALSE,FALSE,FALSE,FALSE
15,Milwaukee Bucks,106.78049,106.47561,1,-0.299999999999997,37.5,21,51.92308,38,7,-25,3,8756,8731,-1,53.65854,44,44-38,25-16,19-22,6-10,27-25,6-4,2018,MIL,18,65.40411931818181,23.921250115736253,26.491871843434346,22.220150967133346,4,1,22.574342105263156,20.859896324005966,70.13059210526316,23.55292423190632,2,0,FALSE,TRUE,FALSE,FALSE,FALSE,FALSE
27,Washington Wizards,106.02439,106.60976,1,0.599999999999994,50,22,53.84615699999999,39,8,48,2,8694,8742,-1,52.43902,43,43-39,23-18,20-21,8-8,28-24,3-7,2018,WSH,18,73.59418540564374,26.106422028672533,20.0482528659612,23.398400608054644,3,2,25.470530626780626,27.43608692184882,67.10270655270655,29.79266142225589,6,3,FALSE,TRUE,FALSE,FALSE,FALSE,FALSE
12,LA Clippers,108.95122,108.98781,4,0,75,23,46.153846,40,10,3,1,8934,8937,-4,51.21951,42,42-40,22-19,20-21,12-4,24-28,4-6,2018,LAC,18,67.46395502645503,26.232582599408687,27.71693121693122,25.613928430882773,5,2,16.276736111111113,20.647931949580705,77.90989583333334,22.214128550091246,2,2,FALSE,FALSE,FALSE,FALSE,FALSE,FALSE
8,Detroit Pistons,103.914635,103.768295,4,-0.100000000000009,56.25,26,46.153846,43,9,-12,-2,8521,8509,1,47.560975,39,39-43,25-16,14-27,9-7,24-28,7-3,2018,DET,18,69.81807336182337,23.88501438190944,23.620601851851852,22.82322001239562,4,2,21.416931216931218,19.0921041749566,71.53525132275132,22.153912227352226,2,2,FALSE,FALSE,FALSE,FALSE,FALSE,FALSE
30,Charlotte Hornets,107.96342,108.21951,4,0.200000000000003,68.75,29,42.307693,46,10,21,-5,8853,8874,1,43.90244,36,36-46,21-20,15-26,11-5,22-30,5-5,2018,CHA,18,70.13792438271605,27.918484620719564,22.904976851851853,25.856578455579992,4,1,25.620923913043477,23.996985118262938,67.24630132850241,25.161956203682195,5,3,FALSE,FALSE,FALSE,FALSE,FALSE,FALSE
13,Los Angeles Lakers,109.62195,108.07317,4,-1.5,37.5,30,36.53846,47,11,-127,-6,8989,8862,1,42.682928,35,35-47,20-21,15-26,6-10,19-33,3-7,2018,LAL,18,64.95353174603174,27.926306384074103,26.97738095238095,25.697817362351937,4,2,22.220030535855003,21.604877513038197,69.85505319148936,25.697291258724587,3,1,FALSE,FALSE,FALSE,FALSE,FALSE,FALSE
18,New York Knicks,108.02439,104.46342,4,-3.5,37.5,36,32.692307,53,11,-292,-12,8858,8566,1,35.365853,29,29-53,19-22,10-31,6-10,17-35,3-7,2018,NY,18,68.5525622605364,26.888593691438086,24.962404214559385,25.08968216997596,3,3,24.7703179594689,23.16119998543377,67.52002533193571,25.495624798932266,6,2,FALSE,FALSE,FALSE,FALSE,FALSE,FALSE
17,Brooklyn Nets,110.34146,106.597565,4,-3.7,6.25,37,36.53846,54,12,-307,-13,9048,8741,-1,34.146342000000004,28,28-54,15-26,13-28,1-15,19-33,5-5,2018,BKN,18,65.23886408730158,25.98721969424981,27.282886904761906,22.712899513242153,3,0,22.411119846261354,24.85450067431601,71.04297693920336,26.455256965973245,8,2,FALSE,FALSE,FALSE,FALSE,FALSE,FALSE
23,Sacramento Kings,105.81707,98.82927,4,-7,31.25,38,26.923078,55,12,-573,-14,8677,8104,1,32.92683,27,27-55,14-27,13-28,5-11,14-38,4-6,2018,SAC,18,55.730101495726494,28.662951510810007,35.91319444444444,25.10689907521117,5,2,18.342721193415638,22.99038916481907,75.57304526748972,25.024020887028183,5,2,FALSE,FALSE,FALSE,FALSE,FALSE,FALSE
4,Chicago Bulls,109.96342,102.92683,4,-7.09999999999999,25,38,40.384614,55,13,-577,-14,9017,8440,-4,32.92683,27,27-55,17-24,10-31,4-12,21-31,3-7,2018,CHI,18,61.2289951989026,27.001766317624377,30.706318587105624,24.856043981197708,3,3,21.49219276094276,25.768513366377427,72.67590488215488,27.836606130697728,5,5,FALSE,FALSE,FALSE,FALSE,FALSE,FALSE
19,Orlando Magic,108.21951,103.402435,4,-4.8,31.25,40,28.846154000000002,57,14,-395,-16,8874,8479,1,30.487806,25,25-57,17-24,8-33,5-11,15-37,4-6,2018,ORL,18,65.8375,24.376382316606325,26.142694444444448,21.027330012601407,3,0,22.942738791423,23.62911466865601,71.38084795321637,25.464000612444803,5,2,FALSE,FALSE,FALSE,FALSE,FALSE,FALSE
6,Dallas Mavericks,105.35366,102.31707,4,-3.10000000000001,31.25,41,26.923078,58,13,-249,-17,8639,8390,-4,29.268292000000002,24,24-58,15-26,9-32,5-11,14-38,2-8,2018,DAL,18,70.30483217592592,24.174505897254118,23.656828703703702,22.26352297574767,2,1,26.594085249042145,23.74174017159179,66.10259818007663,25.970492860694687,4,2,FALSE,FALSE,FALSE,FALSE,FALSE,FALSE
1,Atlanta Hawks,108.80488,103.35366,4,-5.39999999999999,31.25,41,23.076923,58,15,-447,-17,8922,8475,-1,29.268292000000002,24,24-58,16-25,8-33,5-11,12-40,3-7,2018,ATL,18,58.2533275462963,28.606377572044128,33.4252025462963,26.586838037400973,5,2,24.158943965517242,22.963499424760837,69.90541187739464,24.24773792176476,3,3,FALSE,FALSE,FALSE,FALSE,FALSE,FALSE
29,Memphis Grizzlies,105.53658,99.32927,4,-6.2,31.25,43,34.615386,60,14,-509,-19,8654,8145,-2,26.82927,22,22-60,16-25,6-35,5-11,18-34,3-7,2018,MEM,18,66.9625946969697,29.409806395854954,27.03598484848485,28.988954430373127,4,3,22.287789351851853,22.002161692565615,71.58981481481482,25.035729590163907,4,0,FALSE,FALSE,FALSE,FALSE,FALSE,FALSE
21,Phoenix Suns,113.29269,103.92683,4,-9.39999999999999,25,44,28.846154000000002,61,15,-768,-20,9290,8522,1,25.609756,21,21-61,10-31,11-30,4-12,15-37,2-8,2018,PHX,18,63.195601851851855,28.397815490630922,31.3817791005291,28.049232830501204,3,3,17.356386612021858,20.999621351679092,77.41780510018215,22.567691426945593,3,2,FALSE,FALSE,FALSE,FALSE,FALSE,FALSE
15,Milwaukee Bucks,109.256096,118.12195,5,8.8,87.5,0,76.92308,22,1,727,19,8959,9686,-1,73.170733,60,60-22,33-8,27-14,14-2,40-12,7-3,2019,MIL,19,75.04247685185184,23.26010707735691,19.841747685185183,21.053114658580213,4,2,26.62250631313131,26.661478208647843,66.94416035353535,28.986893346548552,4,1,TRUE,TRUE,TRUE,TRUE,FALSE,FALSE
28,Toronto Raptors,108.35366,114.439026,2,6,75,2,69.23076999999999,24,2,499,17,8885,9384,2,70.731705,58,58-24,32-9,26-15,12-4,36-16,7-3,2019,TOR,19,73.49992816091954,23.58421521475521,20.19406529374202,22.01458271108973,3,2,24.27366898148148,23.091892579941817,66.98443287037037,24.12044373096213,2,1,TRUE,TRUE,TRUE,TRUE,TRUE,TRUE
9,Golden State Warriors,111.21951,117.68293,3,6.5,81.25,3,67.30769,25,1,530,16,9120,9650,-1,69.51219400000001,57,57-25,30-11,27-14,13-3,35-17,8-2,2019,GS,19,75.66630116959064,23.291231716823418,19.282041910331387,21.375192124994623,4,2,20.941499999999998,23.88345483882637,71.39952777777778,26.82308005817429,2,1,TRUE,TRUE,TRUE,TRUE,TRUE,FALSE
7,Denver Nuggets,106.71951,110.67073,2,4,75,6,65.384614,28,2,324,13,8751,9075,1,65.85366,54,54-28,34-7,20-21,12-4,34-18,5-5,2019,DEN,19,70.50176183127573,25.964635840978694,23.066010802469137,23.91605891444911,3,2,23.069320436507937,22.235666555915103,70.16765873015873,23.963918372572337,3,1,TRUE,TRUE,TRUE,FALSE,FALSE,FALSE
10,Houston Rockets,109.14634,113.92683,2,4.80000000000001,62.5,7,61.538464000000005,29,4,392,12,8950,9342,-1,64.634144,53,53-29,31-10,22-19,10-6,32-20,8-2,2019,HOU,19,73.51352201257862,26.44717712205163,20.892216981132076,23.981200252057096,5,3,31.79624042145594,27.69670147012938,60.844492337164745,28.687433506892024,5,3,TRUE,TRUE,TRUE,FALSE,FALSE,FALSE
22,Portland Trail Blazers,110.46342,114.65854,1,4.2,37.5,7,55.76923,29,3,344,12,9058,9402,3,64.634144,53,53-29,32-9,21-20,6-10,29-23,8-2,2019,POR,19,74.15833770090845,19.53833673460719,19.060316212438856,17.125894284988025,1,0,27.00692049808429,24.33885191751417,66.05589080459771,26.44452395309502,3,1,FALSE,TRUE,TRUE,TRUE,FALSE,FALSE
20,Philadelphia 76ers,112.48781,115.18293,1,2.7,50,9,59.615386,31,3,221,10,9224,9445,1,62.19512,51,51-31,31-10,20-21,8-8,31-21,4-6,2019,PHI,19,76.77442810457516,23.181715943472188,17.57979302832244,21.123599935002133,2,2,28.18525985663082,22.5700676201072,63.75694444444444,27.108672133504086,5,0,FALSE,TRUE,TRUE,FALSE,FALSE,FALSE
26,Utah Jazz,106.46342,111.71951,1,5.2,50,10,57.69231,32,5,431,9,8730,9161,-1,60.97561,50,50-32,29-12,21-20,8-8,30-22,8-2,2019,UTAH,19,77.97812499999999,22.277485352708126,16.81236111111111,21.022959848169485,5,1,27.86463396990741,24.79403434810691,65.19741030092592,26.311245472295695,2,1,FALSE,TRUE,FALSE,FALSE,FALSE,FALSE
2,Boston Celtics,107.95122,112.414635,1,4.40000000000001,62.5,11,67.30769,33,4,366,8,8852,9218,1,59.756100000000004,49,49-33,28-13,21-20,10-6,35-17,6-4,2019,BOS,19,75.89301303854874,26.700072367745374,18.345493197278913,25.005587015607738,6,4,29.92645202020202,28.083249128364248,63.95864898989899,29.034307102511942,5,4,FALSE,TRUE,TRUE,FALSE,FALSE,FALSE
25,Oklahoma City Thunder,111.07317,114.47561,1,3.40000000000001,56.25,11,53.84615699999999,33,6,279,8,9108,9387,5,59.756100000000004,49,49-33,27-14,22-19,9-7,28-24,7-3,2019,OKC,19,67.997940287226,28.22658645037524,26.01287320483749,26.22349800947158,6,3,19.913601290684625,23.414827172954308,73.05549242424243,25.0560526389597,3,2,FALSE,TRUE,FALSE,FALSE,FALSE,FALSE
11,Indiana Pacers,104.68293,108.01219,1,3.3,68.75,12,63.461535999999995,34,5,273,7,8584,8857,1,58.536583,48,48-34,29-12,19-22,11-5,33-19,4-6,2019,IND,19,71.30532407407408,25.767326060179624,22.491767939814814,23.58812462423202,4,1,23.42984068627451,24.169386115377964,70.90686274509804,26.3386902993494,3,1,FALSE,TRUE,FALSE,FALSE,FALSE,FALSE
24,San Antonio Spurs,109.97561,111.65854,1,1.7,62.5,12,57.69231,34,7,138,7,9018,9156,3,58.536583,48,48-34,32-9,16-25,10-6,30-22,6-4,2019,SA,19,72.75681423611111,23.46010243943281,20.068494405864197,21.83047082650803,3,3,17.45921160130719,21.333082767344074,77.28564133986929,22.175293203009076,1,1,FALSE,TRUE,FALSE,FALSE,FALSE,FALSE
12,LA Clippers,114.29269,115.14634,1,0.799999999999997,68.75,12,53.84615699999999,34,8,70,7,9372,9442,1,58.536583,48,48-34,26-15,22-19,11-5,28-24,6-4,2019,LAC,19,69.45743634259259,27.694159736897006,23.83017939814815,25.69411392468331,5,3,18.2249795751634,21.6109420701956,75.07984068627451,22.936404837970755,2,1,FALSE,TRUE,FALSE,FALSE,FALSE,FALSE
19,Orlando Magic,106.60976,107.31707,2,0.700000000000003,62.5,18,57.69231,40,7,58,1,8742,8800,4,51.21951,42,42-40,25-16,17-24,10-6,30-22,8-2,2019,ORL,19,69.0359623015873,26.27594324890304,25.28062169312169,24.434248542853897,5,2,29.254878472222224,27.022317148466023,63.449618055555554,28.14421241630293,5,4,TRUE,TRUE,FALSE,FALSE,FALSE,FALSE
17,Brooklyn Nets,112.31707,112.243904,1,-0.0999999999999943,50,18,55.76923,40,6,-6,1,9210,9204,3,51.21951,42,42-40,23-18,19-22,8-8,29-23,6-4,2019,BKN,19,64.52857536533132,25.442333186779827,25.817359536407153,22.19865438099484,2,2,26.453877314814818,24.81308994230626,66.30384837962963,26.728439707567457,4,4,FALSE,TRUE,FALSE,FALSE,FALSE,FALSE
8,Detroit Pistons,107.29269,107.04878,1,-0.299999999999997,50,19,51.92308,41,8,-20,0,8798,8778,2,50,41,41-41,26-15,15-26,8-8,27-25,4-6,2019,DET,19,64.48912601626016,27.56532310697869,27.886788617886175,25.170560429847775,6,3,21.533316395663956,25.234796020685963,72.72481368563686,26.874474129502108,4,3,FALSE,TRUE,FALSE,FALSE,FALSE,FALSE
23,Sacramento Kings,115.30488,114.18293,4,-1.09999999999999,25,21,40.384614,43,9,-92,-2,9455,9363,-3,47.560975,39,39-43,24-17,15-26,4-12,21-31,3-7,2019,SAC,19,63.451032763532766,30.32055320880525,31.185274216524217,29.735551651705354,6,4,24.77797157622739,24.077911986440633,69.20025839793281,25.219250679090322,4,2,FALSE,FALSE,FALSE,FALSE,FALSE,FALSE
30,Charlotte Hornets,111.84146,110.743904,4,-1.09999999999999,62.5,21,55.76923,43,9,-90,-2,9171,9081,-1,47.560975,39,39-43,25-16,14-27,10-6,29-23,6-4,2019,CHA,19,69.93135683760684,22.834744039291852,24.652207977207976,21.378489211193806,2,1,21.577928509905256,22.62984914199989,70.97861218776916,25.684102077306314,4,1,FALSE,FALSE,FALSE,FALSE,FALSE,FALSE
14,Miami Heat,105.939026,105.70731,4,-0.200000000000003,43.75,21,44.230768,43,10,-19,-2,8687,8668,-1,47.560975,39,39-43,19-22,20-21,7-9,23-29,4-6,2019,MIA,19,72.53969017094018,22.14502735551648,20.450356125356127,18.899180249253273,2,0,31.017280361757106,26.995469242168358,63.46456718346253,28.018736100029972,8,4,FALSE,FALSE,FALSE,FALSE,FALSE,FALSE
13,Los Angeles Lakers,113.5,111.768295,4,-1.7,56.25,23,48.076921999999996,45,10,-142,-4,9307,9165,-1,45.12195,37,37-45,22-19,15-26,9-7,25-27,6-4,2019,LAL,19,62.880030030030035,26.71278742831663,29.96173048048048,24.920122486921173,6,2,21.356558641975308,22.40035294255452,72.65452160493827,25.262934802210495,4,3,FALSE,FALSE,FALSE,FALSE,FALSE,FALSE
16,Minnesota Timberwolves,113.97561,112.47561,4,-1.5,31.25,24,42.307693,46,11,-123,-5,9346,9223,-3,43.90244,36,36-46,25-16,11-30,5-11,22-30,4-6,2019,MIN,19,67.49959490740741,22.826230067256088,24.726485339506173,20.208788952721722,2,0,22.105193236714975,20.012256039693515,71.2332729468599,23.723070860811603,0,0,FALSE,FALSE,FALSE,FALSE,FALSE,FALSE
29,Memphis Grizzlies,106.13415,103.53658,4,-2.59999999999999,50,27,46.153846,49,12,-213,-8,8703,8490,1,40.243902999999996,33,33-49,21-20,12-29,8-8,24-28,4-6,2019,MEM,19,68.16393799102133,27.317205045131832,24.921675084175085,24.72565587119829,3,2,33.853599773242635,28.34451888271709,58.77913832199546,30.23789169367996,9,6,FALSE,FALSE,FALSE,FALSE,FALSE,FALSE
3,New Orleans Pelicans,116.768295,115.439026,4,-1.39999999999999,50,27,44.230768,49,13,-109,-8,9575,9466,-1,40.243902999999996,33,33-49,19-22,14-27,8-8,23-29,3-7,2019,NO,19,61.864856902356905,28.954327805791646,31.85334595959596,28.07407938472808,6,4,23.174192176870747,23.265980111468668,69.90935374149659,25.887604874155418,6,2,FALSE,FALSE,FALSE,FALSE,FALSE,FALSE
6,Dallas Mavericks,110.14634,108.86585,4,-1.19999999999999,25,27,34.615386,49,14,-105,-8,9032,8927,-1,40.243902999999996,33,33-49,24-17,9-32,4-12,18-34,5-5,2019,DAL,19,69.07796717171718,24.905376136796434,24.065361952861952,21.26550364107737,2,0,26.13303571428571,25.559148026165328,67.2892573696145,27.659489153918145,8,4,FALSE,FALSE,FALSE,FALSE,FALSE,FALSE
27,Washington Wizards,116.92683,114.02439,4,-2.90000000000001,43.75,28,36.53846,50,11,-238,-9,9588,9350,-4,39.02439,32,32-50,22-19,10-31,7-9,19-33,2-8,2019,WSH,19,66.21697668650793,28.321444727343746,25.633829365079364,25.22816848819029,4,3,19.744824074074074,19.982311733337934,74.03666666666666,22.409686296398668,3,1,FALSE,FALSE,FALSE,FALSE,FALSE,FALSE
1,Atlanta Hawks,119.36585,113.34146,4,-6.10000000000001,37.5,31,30.769232000000002,53,12,-494,-12,9788,9294,-3,35.365853,29,29-53,17-24,12-29,6-10,16-36,5-5,2019,ATL,19,61.24264846743295,27.392344203344305,30.69382183908046,25.620395868927808,3,2,19.41217898322851,20.324604083407998,75.01926100628931,22.031609611755503,2,1,FALSE,FALSE,FALSE,FALSE,FALSE,FALSE
4,Chicago Bulls,113.35366,104.939026,4,-8.5,18.75,38,30.769232000000002,60,13,-690,-19,9295,8605,-3,26.82927,22,22-60,9-32,13-28,3-13,16-36,2-8,2019,CHI,19,59.50915404040404,24.18784629275054,29.059474957912457,22.24089470893603,2,1,22.582604166666666,21.02574653517729,70.77960648148148,24.2142567248005,4,0,FALSE,FALSE,FALSE,FALSE,FALSE,FALSE
5,Cleveland Cavaliers,114.10976,104.47561,4,-9.59999999999999,25,41,28.846154000000002,63,14,-790,-22,9357,8567,-10,23.170732,19,19-63,13-28,6-35,4-12,15-37,0-10,2019,CLE,19,71.58223684210526,25.830722372697686,21.941337719298247,24.220029417031498,2,1,15.282281431090954,16.36878449277202,78.5528943058705,19.63818553532154,1,0,FALSE,FALSE,FALSE,FALSE,FALSE,FALSE
21,Phoenix Suns,116.84146,107.5,4,-9.3,18.75,41,21.153846,63,15,-766,-22,9581,8815,-2,23.170732,19,19-63,12-29,7-34,3-13,11-41,2-8,2019,PHX,19,55.020614035087725,31.813424284609965,37.251315789473686,29.205285312678885,5,3,20.767381582262534,22.17846864935363,72.89584750566893,25.32140093184394,3,2,FALSE,FALSE,FALSE,FALSE,FALSE,FALSE
18,New York Knicks,113.78049,104.57317,4,-9.2,12.5,43,21.153846,65,15,-755,-24,9330,8575,-1,20.731707,17,17-65,9-32,8-33,2-14,11-41,3-7,2019,NY,19,59.58619281045752,33.86087932549371,33.760089869281046,30.91855698909566,4,1,20.070690883190885,24.357452444171823,74.3292735042735,26.217691770590463,4,4,FALSE,FALSE,FALSE,FALSE,FALSE,FALSE
15,Milwaukee Bucks,108.58904,118.671234,3,10.1,92.85714,0,84.090906,17,1,736,19.5,7927,8663,-1,76.71233,56,56-17,30-5,26-12,13-1,37-7,3-7,2020,MIL,20,81.51981646825396,21.065508622656605,14.343638392857141,19.77654913721829,3,1,23.08100490196078,25.695239868906533,71.38488562091504,27.988454121715062,2,0,TRUE,TRUE,TRUE,FALSE,FALSE,FALSE
28,Toronto Raptors,106.513885,112.75,2,6.3,64.285713,2.5,75.555557,19,2,449,17,7669,8118,4,73.61111,53,53-19,26-10,27-9,9-5,34-11,9-1,2020,TOR,20,70.55188679245283,25.114268581529593,23.45791404612159,23.59473471572136,6,1,26.5391447368421,27.450569822039434,66.76151315789474,27.829513535636508,2,2,TRUE,TRUE,TRUE,FALSE,FALSE,FALSE
13,Los Angeles Lakers,107.64789,113.43662,3,5.80000000000001,76.92308,3,78.26087000000001,19,1,411,16.5,7643,8054,-1,73.239434,52,52-19,25-10,27-9,10-3,36-10,4-6,2020,LAL,20,70.9592548076923,25.54627143942382,22.598250534188033,23.05935217598618,4,2,29.300733024691354,18.75780464000019,62.948109567901234,21.783989548557,1,0,TRUE,TRUE,TRUE,TRUE,TRUE,TRUE
12,LA Clippers,109.90278,116.34722,1,6.39999999999999,57.14286,6.5,66.66667,23,2,464,13,7913,8377,2,68.05556,49,49-23,27-9,22-14,8-6,32-16,6-4,2020,LAC,20,69.65629340277778,25.509789638791926,23.625260416666666,22.35314425654876,2,1,25.296095008051527,25.633321001005566,68.07497987117553,26.748044973328707,3,2,FALSE,TRUE,TRUE,FALSE,FALSE,FALSE
2,Boston Celtics,107.34722,113.65278,1,6.40000000000001,60,7.5,69.76744000000001,24,3,454,12,7729,8183,-1,66.66667,48,48-24,26-10,22-14,9-6,30-13,6-4,2020,BOS,20,73.14567901234568,21.337231155297278,20.736222029320988,18.916195704676657,1,0,24.664583333333333,25.34229216994519,68.44010416666667,28.992874110087737,2,1,FALSE,TRUE,TRUE,TRUE,FALSE,FALSE
7,Denver Nuggets,109.178085,111.287674,2,2.09999999999999,85.714287,10,64.44444700000001,27,3,154,9.5,7970,8124,-3,63.013697,46,46-27,26-11,20-16,12-2,29-16,4-6,2020,DEN,20,60.5108192431562,30.231531130198373,32.75059380032206,27.599162000735504,7,5,26.98159722222222,24.661273069330324,65.32564102564102,27.50858359651092,3,2,TRUE,TRUE,TRUE,TRUE,FALSE,FALSE
11,Indiana Pacers,107.479454,109.438354,1,1.90000000000001,53.333335999999996,11,59.574467,28,4,143,8.5,7846,7989,2,61.64383,45,45-28,25-11,20-17,8-7,28-19,7-3,2020,IND,20,68.18887345679012,22.84926718683552,25.089398148148145,21.31721119474396,2,1,19.827876984126984,21.09165551102441,73.29020337301587,23.556859573009817,3,0,FALSE,TRUE,FALSE,FALSE,FALSE,FALSE
10,Houston Rockets,114.84722,117.80556,2,3,61.538464000000005,11.5,59.574467,28,4,213,8,8269,8482,-3,61.111110000000004,44,44-28,24-12,20-16,8-5,28-19,5-5,2020,HOU,20,70.4676609848485,24.200339218780243,23.60970643939394,22.112346950757274,5,1,27.081349206349202,25.626960920735197,67.8999255952381,28.036002866252346,4,1,TRUE,TRUE,TRUE,FALSE,FALSE,FALSE
25,Oklahoma City Thunder,108.43056,110.416664,1,2,61.538464000000005,11.5,58.69565,28,5,143,8,7807,7950,-1,61.111110000000004,44,44-28,23-14,21-14,8-5,27-19,6-4,2020,OKC,20,64.2160827020202,32.15159914974625,28.860006313131315,30.483737083433194,11,6,22.587152777777778,19.389937362119596,70.91059027777777,22.69960336845176,1,0,FALSE,TRUE,FALSE,FALSE,FALSE,FALSE
26,Utah Jazz,108.81944,111.291664,1,2.5,41.666666,11.5,53.333335999999996,28,6,178,8,7835,8013,1,61.111110000000004,44,44-28,23-12,21-16,5-7,24-21,4-6,2020,UTAH,20,69.53582702020202,27.83924208382252,25.01065340909091,25.806799495858456,6,1,28.348867394179894,23.193485654012097,64.06313657407408,26.52633362368981,2,2,FALSE,TRUE,FALSE,FALSE,FALSE,FALSE
14,Miami Heat,109.095894,112.0411,2,2.90000000000001,71.428573,12,69.76744000000001,29,5,215,7.5,7964,8179,-2,60.273975,44,44-29,29-7,15-22,10-4,30-13,4-6,2020,MIA,20,75.92861426767676,25.52081175735151,16.476704545454545,20.301859069555487,3,0,35.75502873563218,29.52950059186105,58.365900383141764,31.258431022267402,6,4,TRUE,TRUE,TRUE,TRUE,TRUE,FALSE
20,Philadelphia 76ers,108.35616,110.73972,1,2.3,68.75,13,60.86956,30,6,174,6.5,7910,8084,1,58.904109999999996,43,43-30,31-4,12-26,11-5,28-18,5-5,2020,PHI,20,70.56808785529715,26.577134159960885,23.359253875968992,25.165981595034047,4,2,36.533425925925926,26.36796755283996,57.055370370370376,27.472998259122537,5,3,FALSE,TRUE,FALSE,FALSE,FALSE,FALSE
6,Dallas Mavericks,112.066666,117.013336,1,4.90000000000001,71.428573,14,57.446810000000006,32,7,371,5.5,8405,8776,-2,57.333330000000004,43,43-32,20-18,23-14,10-4,27-20,4-6,2020,DAL,20,72.35513565891473,24.73905867917622,22.239470284237726,22.161798333087937,4,2,34.92660590277777,31.848375048907062,57.165364583333336,33.440265757718215,9,5,FALSE,TRUE,FALSE,FALSE,FALSE,FALSE
17,Brooklyn Nets,112.361115,111.77778,1,-0.600000000000009,37.5,20.5,50,37,7,-42,-1,8090,8048,-1,48.611110000000004,35,35-37,20-16,15-21,6-10,23-23,7-3,2020,BKN,20,72.30017857142857,25.456917042310483,21.12668650793651,22.006779970906447,3,2,35.80309684684685,24.764567687775518,56.35850225225225,26.862810628138895,10,2,FALSE,TRUE,FALSE,FALSE,FALSE,FALSE
22,Portland Trail Blazers,116.13513,114.97298,7,-1.09999999999999,38.46154,21.5,42.553192,39,8,-86,-2,8594,8508,3,47.297296,35,35-39,21-15,14-24,5-8,20-27,7-3,2020,POR,20,68.27263071895425,25.69366978147778,24.794546568627453,24.17526667031497,3,2,23.19417032163743,26.375380529119475,71.93475877192984,27.18799353453233,4,3,FALSE,TRUE,FALSE,FALSE,FALSE,FALSE
29,Memphis Grizzlies,113.69863,112.630135,6,-1.10000000000001,30.769232000000002,22,43.47826,39,9,-78,-2.5,8300,8222,1,46.575344,34,34-39,20-17,14-22,4-9,20-26,3-7,2020,MEM,20,73.93705808080809,21.915942748236937,20.33198653198653,19.514863288539477,2,2,24.061930199430197,25.447797758341817,69.25388176638177,27.959497372222025,4,4,FALSE,FALSE,FALSE,FALSE,FALSE,FALSE
21,Phoenix Suns,113.39726,113.61644,4,0.199999999999989,40,22,41.304347,39,10,16,-2.5,8278,8294,8,46.575344,34,34-39,17-22,17-17,6-9,19-27,9-1,2020,PHX,20,70.46229575163399,24.55435963768727,23.74673202614379,23.042412064891973,2,1,25.15266812865497,22.636505102421577,68.35754751461988,24.27862974906011,4,1,FALSE,FALSE,FALSE,FALSE,FALSE,FALSE
19,Orlando Magic,108.287674,107.27397,1,-1,64.285713,23,46.51163,40,8,-74,-3.5,7905,7831,1,45.205479999999994,33,33-40,18-17,15-23,9-5,20-23,5-5,2020,ORL,20,70.86294191919193,23.282276571079592,22.575968013468014,22.158087922877307,3,3,19.754791666666666,20.18505103685101,74.63526041666667,21.557670378930435,1,0,FALSE,TRUE,FALSE,FALSE,FALSE,FALSE
24,San Antonio Spurs,115.169014,114.07042,4,-1.10000000000001,53.84615699999999,23,46.51163,39,11,-78,-3.5,8177,8099,-1,45.070422,32,32-39,19-15,13-24,7-6,20-23,6-4,2020,SA,20,66.96108940972222,28.106229909374626,25.517035590277775,25.27719288926133,5,1,26.081997863247864,25.571650268775038,67.26712962962964,26.370592640818717,6,3,FALSE,FALSE,FALSE,FALSE,FALSE,FALSE
23,Sacramento Kings,112.138885,110.09722,4,-2,61.538464000000005,24.5,50,41,12,-147,-5,8074,7927,2,43.055555,31,31-41,16-19,15-22,8-5,23-23,4-6,2020,SAC,20,69.67724537037037,28.113696115819227,24.351388888888888,25.103255529879693,3,2,23.20822041553749,21.484574957363662,69.86341463414634,25.768759711702305,3,2,FALSE,FALSE,FALSE,FALSE,FALSE,FALSE
3,New Orleans Pelicans,117.138885,115.84722,4,-1.3,30.769232000000002,25.5,37.5,42,13,-93,-6,8434,8341,-3,41.666666,30,30-42,15-21,15-21,4-9,18-30,4-6,2020,NO,20,75.22546296296296,20.49103681637259,17.918703703703702,17.70435342167944,0,0,20.80335648148148,21.438648541243257,72.15914351851852,24.56475110700817,2,1,FALSE,FALSE,FALSE,FALSE,FALSE,FALSE
30,Charlotte Hornets,109.63077,102.87692,4,-6.69999999999999,22.222222,29,40,42,9,-439,-9.5,7126,6687,1,35.384616,23,23-42,10-21,13-21,2-7,16-24,4-6,2020,CHA,20,54.75051328502415,33.064885326985774,37.64492753623188,31.129705902949812,7,5,25.706994047619048,22.82581759347146,67.70265101410935,24.419315473649604,4,0,FALSE,FALSE,FALSE,FALSE,FALSE,FALSE
27,Washington Wizards,119.06944,114.43056,4,-4.69999999999999,35.714287,30.5,40,47,10,-334,-11,8573,8239,1,34.72222,25,25-47,16-20,9-27,5-9,18-27,2-8,2020,WSH,20,66.49541666666666,25.089004187263775,27.30166666666667,22.9494540528936,3,0,18.301403664302597,22.180608247365296,75.38396867612293,24.232208940924533,3,2,FALSE,FALSE,FALSE,FALSE,FALSE,FALSE
4,Chicago Bulls,109.92308,106.84615,4,-3.10000000000001,43.75,30,34.883720000000004,43,11,-200,-10.5,7145,6945,1,33.846155,22,22-43,14-20,8-23,7-9,15-28,3-7,2020,CHI,20,61.40195707070707,30.213049909746264,32.128819444444446,27.842046648038803,4,2,24.866085271317832,24.0605871038376,68.3218830749354,26.800145338060904,4,2,FALSE,FALSE,FALSE,FALSE,FALSE,FALSE
18,New York Knicks,112.257576,105.80303,4,-6.5,15.384616000000001,31.5,34.883720000000004,45,12,-426,-12,7409,6983,1,31.81818,21,21-45,11-22,10-23,2-11,15-28,4-6,2020,NY,20,63.508829365079364,31.253081071987587,27.529133597883597,30.835128322592187,5,3,20.89868827160494,21.665576299850247,73.62412551440329,23.399412231622783,3,1,FALSE,FALSE,FALSE,FALSE,FALSE,FALSE
8,Detroit Pistons,110.80303,107.242424,4,-3.59999999999999,33.333334,32.5,27.906978,46,13,-235,-13,7313,7078,-5,30.303029999999996,20,20-46,11-22,9-24,5-10,12-31,1-9,2020,DET,20,71.28812500000001,24.274551959666567,22.29798611111111,21.896765347154172,1,1,19.57168209876543,22.206481958976248,73.95362654320988,24.46205551031909,3,3,FALSE,FALSE,FALSE,FALSE,FALSE,FALSE
1,Atlanta Hawks,119.731346,111.76119,4,-7.90000000000001,46.153846,33,25.581396,47,14,-534,-13.5,8022,7488,-1,29.850745,20,20-47,14-20,6-27,6-7,11-32,4-6,2020,ATL,20,58.37835038986354,25.356462905426064,33.66611842105263,25.626450018548052,3,3,18.407535460992907,20.688617924289684,75.82155732860521,22.742315046283192,3,1,FALSE,FALSE,FALSE,FALSE,FALSE,FALSE
16,Minnesota Timberwolves,117.546875,113.25,4,-4.2,16.666667,32.5,23.076923,45,14,-275,-13,7523,7248,-3,29.6875,19,19-45,8-24,11-21,2-10,9-30,3-7,2020,MIN,20,61.07675438596492,28.890443444017915,29.64142300194932,22.956167006339133,1,0,19.64841049382716,23.126551368522154,74.07527777777779,26.43284735110276,4,3,FALSE,FALSE,FALSE,FALSE,FALSE,FALSE
5,Cleveland Cavaliers,114.784615,106.87692,4,-7.89999999999999,28.57143,33,27.272728,46,15,-514,-13.5,7461,6947,-1,29.23077,19,19-46,11-25,8-21,4-10,12-32,4-6,2020,CLE,20,66.68976608187135,34.62145281945516,26.085343567251464,30.843431738808576,3,3,19.276736111111113,23.449386639972865,74.9264190821256,26.039455450137044,4,3,FALSE,FALSE,FALSE,FALSE,FALSE,FALSE
9,Golden State Warriors,115.04615,106.33846,4,-8.7,15.384616000000001,37,20.930232,50,15,-566,-17.5,7478,6912,-1,23.076923,15,15-50,8-26,7-24,2-11,9-34,3-7,2020,GS,20,64.24255952380952,30.377793362852028,30.572172619047617,29.81640257045794,2,2,18.137613378684808,23.070730241096417,76.29764739229024,26.949328785941407,3,2,FALSE,FALSE,FALSE,FALSE,FALSE,FALSE
26,Utah Jazz,107.166664,116.416664,5,9.2,58.333330000000004,0,66.66667,20,1,666,16,7716,8382,2,72.22222000000001,52,52-20,31-5,21-15,7-5,28-14,7-3,2021,UTAH,21,76.6635283119658,24.234216757939773,18.823050213675213,22.438317831559555,6,0,23.551493055555557,21.024939023703368,69.63246527777778,23.771266904022877,2,0,TRUE,TRUE,TRUE,FALSE,FALSE,FALSE
21,Phoenix Suns,109.458336,115.27778,2,5.8,58.333330000000004,1,71.428573,21,2,419,15,7881,8300,3,70.83333,51,51-21,27-9,24-12,7-5,30-12,7-3,2021,PHX,21,71.32837690631808,23.08847380088346,21.25378540305011,20.372513893104223,3,1,37.96795634920635,32.017996275048596,54.245645943562614,34.4506069396469,7,3,TRUE,TRUE,TRUE,TRUE,TRUE,FALSE
20,Philadelphia 76ers,108.05556,113.638885,3,5.5,83.33333,3,73.80951999999999,23,1,402,13,7780,8182,2,68.05556,49,49-23,29-7,20-16,10-2,31-11,8-2,2021,PHI,21,75.5609410430839,25.358993558425862,18.439115646258504,23.007119153340902,5,3,23.370169082125603,22.18003397831741,69.2631038647343,25.371034351962656,2,1,TRUE,TRUE,TRUE,FALSE,FALSE,FALSE
17,Brooklyn Nets,114.06944,118.56944,1,4.5,66.66667,4,61.904764,24,2,324,12,8213,8537,5,66.66667,48,48-24,28-8,20-16,8-4,26-16,6-4,2021,BKN,21,67.82407407407408,28.875150874892146,26.87808159722222,27.859176964383348,7,3,22.995823688271606,22.540304032786977,69.8701099537037,23.824609863963218,1,1,FALSE,TRUE,TRUE,FALSE,FALSE,FALSE
7,Denver Nuggets,110.125,115.05556,1,5,75,5,61.904764,25,3,355,11,7929,8284,-1,65.27777999999999,47,47-25,25-11,22-14,9-3,26-16,6-4,2021,DEN,21,73.1572842789598,28.864396872569053,20.977846729708432,24.80477289652773,5,3,35.260555555555555,23.386906415641946,57.87302777777777,25.64662929296542,6,2,FALSE,TRUE,TRUE,FALSE,FALSE,FALSE
12,LA Clippers,107.833336,114.013885,1,6.2,75,5,64.285713,25,4,445,11,7764,8209,-2,65.27777999999999,47,47-25,26-10,21-15,9-3,27-15,4-6,2021,LAC,21,73.7654403073286,25.061131508025053,21.207520685579194,23.171335583559447,5,1,30.04472222222222,26.27341818061591,64.75500000000001,27.41405103495386,3,2,FALSE,TRUE,TRUE,TRUE,FALSE,FALSE
15,Milwaukee Bucks,114.236115,120.125,2,5.89999999999999,91.66667,6,71.428573,26,3,424,10,8225,8649,-1,63.888889999999996,46,46-26,26-10,20-16,11-1,30-12,8-2,2021,MIL,21,80.81002415458937,20.187382024340355,14.151645531400966,16.615855530623357,1,0,24.46875,22.786884527760296,69.22491987179488,24.297335216515492,3,0,TRUE,TRUE,TRUE,TRUE,TRUE,TRUE
6,Dallas Mavericks,110.18056,112.416664,2,2.2,58.333330000000004,10,50,30,5,161,6,7933,8094,-1,58.333330000000004,42,42-30,21-15,21-15,7-5,21-21,8-2,2021,DAL,21,73.86929563492063,24.44896301410325,20.52662037037037,21.811253172689923,4,1,13.90011574074074,14.775296135805876,79.77372685185186,18.59548873710248,0,0,TRUE,TRUE,FALSE,FALSE,FALSE,FALSE
13,Los Angeles Lakers,106.75,109.541664,7,2.7,33.333334,10,59.52381,30,7,201,6,7686,7887,5,58.333330000000004,42,42-30,21-15,21-15,4-8,25-17,6-4,2021,LAL,21,66.45109126984127,27.202069516592985,26.056608245149913,24.016259921855077,5,0,21.53900462962963,24.45935328768446,72.9530324074074,26.38043611564874,2,1,FALSE,TRUE,FALSE,FALSE,FALSE,FALSE
22,Portland Trail Blazers,114.31944,116.111115,1,1.8,50,10,54.761903999999994,30,6,129,6,8231,8360,1,58.333330000000004,42,42-30,20-16,22-14,6-6,23-19,8-2,2021,POR,21,66.61949404761904,27.85312984722912,27.716848544973544,26.28220833710129,5,4,26.572337962962962,24.054993426214253,66.70925925925926,25.862380207051753,3,1,FALSE,TRUE,FALSE,FALSE,FALSE,FALSE
1,Atlanta Hawks,111.375,113.69444,2,2.3,75,11,57.14286,31,5,167,5,8019,8186,4,56.94443999999999,41,41-31,25-11,16-20,9-3,24-18,7-3,2021,ATL,21,71.0669376693767,24.31927291233274,22.586596657633244,23.094416477217475,3,2,25.414448924731182,25.259703718091714,68.07656810035843,27.818679031652323,4,1,TRUE,TRUE,TRUE,TRUE,FALSE,FALSE
18,New York Knicks,104.72222,107.02778,1,2.3,33.333334,11,59.52381,31,4,166,5,7540,7706,3,56.94443999999999,41,41-31,25-11,16-20,4-8,25-17,7-3,2021,NY,21,72.61119579945799,24.533108472396282,20.48267276422764,22.214483353509902,2,2,32.19388440860215,24.312983655558348,61.00965501792115,25.55497646117911,4,3,FALSE,TRUE,FALSE,FALSE,FALSE,FALSE
14,Miami Heat,108.041664,108.06944,1,0.0999999999999943,50,12,57.14286,32,6,2,4,7779,7781,1,55.55556000000001,40,40-32,21-15,19-17,6-6,24-18,8-2,2021,MIA,21,72.82855902777777,21.054635765497306,20.891927083333332,19.262415260959557,1,1,28.153016493055556,24.273831840308237,64.40180121527777,27.344002551805975,5,1,FALSE,TRUE,FALSE,FALSE,FALSE,FALSE
9,Golden State Warriors,112.65278,113.708336,6,1,41.666666,13,59.52381,33,9,76,3,8111,8187,6,54.166669999999996,39,39-33,25-11,14-22,5-7,25-17,8-2,2021,GS,21,70.38034188034187,28.40210931738242,24.11574074074074,26.28934697485606,5,4,20.94318181818182,25.67325261038327,73.72422138047138,27.787342646185,4,4,FALSE,TRUE,FALSE,FALSE,FALSE,FALSE
29,Memphis Grizzlies,112.263885,113.291664,7,1,50,14,45.238096,34,8,74,2,8083,8157,-1,52.77777999999999,38,38-34,18-18,20-16,6-6,19-23,6-4,2021,MEM,21,69.48097587719299,20.053532123369315,24.056359649122808,18.01434899462295,1,0,30.060838779956427,27.447515016239564,64.4494825708061,29.804936752166395,5,3,FALSE,TRUE,FALSE,FALSE,FALSE,FALSE
2,Boston Celtics,111.166664,112.625,7,1.39999999999999,33.333334,16,47.619048,36,7,105,0,8004,8109,-1,50,36,36-36,21-15,15-21,4-8,20-22,4-6,2021,BOS,21,68.3832561728395,28.854457847545056,26.290354938271605,25.80110072200798,5,4,23.319540895061728,21.029961948426585,69.54454089506173,23.055403978006687,2,0,FALSE,TRUE,FALSE,FALSE,FALSE,FALSE
27,Washington Wizards,118.47222,116.638885,7,-1.90000000000001,25,18,38.095240000000004,38,8,-132,-2,8530,8398,2,47.22222,34,34-38,19-17,15-21,3-9,16-26,6-4,2021,WSH,21,62.13786764705882,30.551828795072055,30.38558006535948,27.60792855804511,6,2,21.912463450292396,25.022662272819794,71.93799342105264,26.22879085871516,4,3,FALSE,TRUE,FALSE,FALSE,FALSE,FALSE
11,Indiana Pacers,115.31944,115.30556,6,0,58.333330000000004,18,47.619048,38,9,-1,-2,8303,8302,1,47.22222,34,34-38,13-23,21-15,7-5,20-22,5-5,2021,IND,21,69.50876225490195,25.17646570429104,22.73163807189543,22.476668385953293,3,2,25.09744152046784,24.363303771276954,67.11973684210525,25.632932741988757,6,2,FALSE,TRUE,FALSE,FALSE,FALSE,FALSE
24,San Antonio Spurs,112.81944,111.083336,6,-1.7,50,19,40.47619,39,10,-125,-3,8123,7998,-4,45.833334,33,33-39,14-22,19-17,6-6,17-25,2-8,2021,SA,21,68.50643939393939,25.257591570301567,24.991603535353534,23.52173763875052,2,2,22.063028252611584,21.448437665822443,69.21606125356125,25.512774050290858,2,1,FALSE,TRUE,FALSE,FALSE,FALSE,FALSE
30,Charlotte Hornets,111.388885,109.458336,6,-1.90000000000001,66.66667,19,47.619048,39,10,-139,-3,8020,7881,-5,45.833334,33,33-39,18-18,15-21,8-4,20-22,3-7,2021,CHA,21,68.41950757575758,29.809738839944472,26.574831649831648,28.979455764871453,6,4,19.011128917378915,19.161919900369398,75.73230056980057,21.001374613125517,1,1,FALSE,TRUE,FALSE,FALSE,FALSE,FALSE
3,New Orleans Pelicans,114.888885,114.59722,4,-0.300000000000011,50,21,42.857143,41,11,-21,-5,8272,8251,-4,43.055555,31,31-41,18-18,13-23,6-6,18-24,4-6,2021,NO,21,68.08637992831541,25.368079229438507,24.96314964157706,22.427591065092304,2,2,30.179996612466127,24.353440150121138,63.507266260162595,26.08376693092004,4,3,FALSE,FALSE,FALSE,FALSE,FALSE,FALSE
4,Chicago Bulls,111.56944,110.68056,4,-0.899999999999991,58.333330000000004,21,50,41,11,-64,-5,8033,7969,1,43.055555,31,31-41,15-21,16-20,7-5,21-21,5-5,2021,CHI,21,73.14478046594982,24.942459751964357,20.694870071684587,24.281679132141058,4,2,21.652489837398374,25.577083618502037,72.88431571815718,27.708849075790372,5,3,FALSE,FALSE,FALSE,FALSE,FALSE,FALSE
23,Sacramento Kings,117.416664,113.736115,4,-3.7,41.666666,21,42.857143,41,12,-265,-5,8454,8189,-3,43.055555,31,31-41,16-20,15-21,5-7,18-24,6-4,2021,SAC,21,67.0739023297491,23.024575279489255,24.6747311827957,21.83756775617006,2,0,24.51685298102981,25.146835551474524,70.20359078590785,26.82605229060771,4,3,FALSE,FALSE,FALSE,FALSE,FALSE,FALSE
28,Toronto Raptors,111.736115,111.263885,4,-0.400000000000006,33.333334,25,40.47619,45,12,-34,-9,8045,8011,-7,37.5,27,27-45,16-20,11-25,4-8,17-25,1-9,2021,TOR,21,69.86985596707818,22.256040501813846,24.862911522633745,21.92988248966753,2,1,25.89174382716049,24.45321633280878,67.94885802469136,26.158471183897763,5,2,FALSE,FALSE,FALSE,FALSE,FALSE,FALSE
16,Minnesota Timberwolves,117.68056,112.125,4,-5.60000000000001,41.666666,29,35.714287,49,13,-400,-13,8473,8073,1,31.944444999999998,23,23-49,13-23,10-26,5-7,15-27,5-5,2021,MIN,21,56.74728260869565,26.422816336413558,35.85431763285024,25.40784273831383,4,2,21.25187074829932,20.891373376153258,72.47526927437642,23.03946156740671,3,1,FALSE,FALSE,FALSE,FALSE,FALSE,FALSE
5,Cleveland Cavaliers,112.27778,103.833336,4,-8.5,33.333334,30,38.095240000000004,50,13,-608,-14,8084,7476,-2,30.555555000000002,22,22-50,13-23,9-27,4-8,16-26,1-9,2021,CLE,21,70.8232744107744,23.054130825989887,20.24337121212121,21.03764224983515,1,1,18.764444444444443,21.229244892066387,75.66711111111111,23.522650182847638,4,1,FALSE,FALSE,FALSE,FALSE,FALSE,FALSE
25,Oklahoma City Thunder,115.638885,105,4,-10.6,25,30,28.57143,50,14,-766,-14,8326,7560,1,30.555555000000002,22,22-50,10-26,12-24,3-9,12-30,1-9,2021,OKC,21,59.43876262626263,24.795703937824516,33.10160984848485,23.1072253528625,2,1,19.090708333333335,25.079926207387526,76.09252777777778,27.188664357710707,6,2,FALSE,FALSE,FALSE,FALSE,FALSE,FALSE
19,Orlando Magic,113.30556,104,4,-9.3,33.333334,31,30.952382,51,14,-670,-15,8158,7488,-7,29.166666000000003,21,21-51,11-25,10-26,4-8,13-29,2-8,2021,ORL,21,60.23680555555555,31.54412326760464,34.975628306878306,30.908595969852513,5,3,20.00009531590414,21.572747888630868,75.09328703703704,22.523162077952374,3,3,FALSE,FALSE,FALSE,FALSE,FALSE,FALSE
8,Detroit Pistons,111.083336,106.611115,4,-4.5,8.3333336,32,28.57143,52,15,-322,-16,7998,7676,-5,27.777780000000003,20,20-52,13-23,7-29,1-11,12-30,1-9,2021,DET,21,78.69392361111112,21.982570268596465,16.40263888888889,19.705597888047095,1,1,20.65713141025641,22.38976219505469,73.15358351139601,24.662765553034777,3,3,FALSE,FALSE,FALSE,FALSE,FALSE,FALSE
10,Houston Rockets,116.69444,108.791664,4,-7.90000000000001,41.666666,35,26.190478,55,15,-569,-19,8402,7833,-1,23.61111,17,17-55,9-27,8-28,5-7,11-31,2-8,2021,HOU,21,71.45567810457516,19.898066956128496,24.59354575163399,19.393028440479895,1,0,14.783712121212123,18.23145381341705,80.56915404040404,19.746215562582524,1,1,FALSE,FALSE,FALSE,FALSE,FALSE,FALSE
21,Phoenix Suns,107.35366,114.82927,5,7.39999999999999,62.5,0,75,18,1,613,23,8803,9416,-1,78.04878,64,64-18,32-9,32-9,10-6,39-13,6-4,2022,PHX,22,69.01602647569445,26.63122059941761,24.728765190972222,23.921042129573653,8,2,20.369791666666668,23.292913323250172,74.2608024691358,24.843213935427528,2,0,TRUE,TRUE,TRUE,FALSE,FALSE,FALSE
29,Memphis Grizzlies,109.92683,115.60976,2,5.69999999999999,68.75,8,69.23076999999999,26,2,466,15,9014,9480,-1,68.292683,56,56-26,30-11,26-15,11-5,36-16,7-3,2022,MEM,22,80.12149057539682,24.048849433615977,15.432638888888889,21.224249233459116,5,1,25.512232905982906,26.47848653297695,68.17601495726497,29.0526319853979,4,1,TRUE,TRUE,TRUE,FALSE,FALSE,FALSE
14,Miami Heat,105.57317,109.98781,3,4.40000000000001,81.25,11,67.30769,29,1,362,12,8657,9019,-1,64.634144,53,53-29,29-12,24-17,13-3,35-17,6-4,2022,MIA,22,72.65843378756115,24.389036144492277,21.828878406708597,22.24521620178471,3,2,30.612913929939793,24.11695937758334,61.25847016967707,25.4779197134263,2,2,TRUE,TRUE,TRUE,TRUE,FALSE,FALSE
9,Golden State Warriors,105.46342,111,1,5.5,75,11,63.461535999999995,29,3,454,12,8648,9102,5,64.634144,53,53-29,31-10,22-19,12-4,33-19,6-4,2022,GS,22,68.33503668763102,27.731355896848857,26.169811320754715,25.87597325358634,7,4,27.107686781609196,26.41160883429734,65.89403735632185,28.96407627353778,3,2,FALSE,TRUE,TRUE,TRUE,TRUE,TRUE
6,Dallas Mavericks,104.71951,108.02439,1,3.3,87.5,12,69.23076999999999,30,4,271,11,8587,8858,4,63.414632999999995,52,52-30,29-12,23-18,14-2,36-16,8-2,2022,DAL,22,70.03488247863248,28.75937877892139,24.94054487179487,27.087571023473316,5,4,30.915625000000002,24.26057640536228,62.59414351851852,26.790620277615062,4,1,FALSE,TRUE,TRUE,TRUE,FALSE,FALSE
2,Boston Celtics,104.47561,111.756096,2,7.3,56.25,13,63.461535999999995,31,2,597,10,8567,9164,1,62.19512,51,51-31,28-13,23-18,9-7,33-19,7-3,2022,BOS,22,76.97032952069716,24.38959844263269,17.191203703703703,21.243675135195954,2,0,31.738657407407405,28.583864421054024,59.62862903225806,30.795123444512672,7,4,TRUE,TRUE,TRUE,TRUE,TRUE,FALSE
15,Milwaukee Bucks,112.13415,115.48781,2,3.40000000000001,75,13,63.461535999999995,31,3,275,10,9195,9470,-1,62.19512,51,51-31,27-14,24-17,12-4,33-19,6-4,2022,MIL,22,75.77591230936818,26.45611507378331,18.958592047930285,24.667380558504192,4,2,24.58814964157706,21.774619031077055,68.99970878136202,22.50971943048582,3,1,TRUE,TRUE,TRUE,FALSE,FALSE,FALSE
20,Philadelphia 76ers,107.32927,109.939026,1,2.60000000000001,37.5,13,61.538464000000005,31,4,214,10,8801,9015,2,62.19512,51,51-31,24-17,27-14,6-10,32-20,6-4,2022,PHI,22,70.14523420479303,24.143296095091383,22.929098583877998,21.548011615830507,4,1,30.298797789725207,28.93464581456668,63.73891129032258,29.254983055547502,5,3,FALSE,TRUE,TRUE,FALSE,FALSE,FALSE
26,Utah Jazz,107.57317,113.60976,2,6,93.75,15,63.461535999999995,33,5,495,8,8821,9316,1,59.756100000000004,49,49-33,29-12,20-21,15-1,33-19,4-6,2022,UTAH,22,75.98852040816327,20.151432585329687,17.513492063492066,18.47428307511204,1,0,36.246212121212125,28.442915509294686,58.73947811447812,29.32656767537307,9,3,TRUE,TRUE,FALSE,FALSE,FALSE,FALSE
28,Toronto Raptors,107.097565,109.39024,1,2.30000000000001,62.5,16,57.69231,34,5,188,7,8782,8970,-1,58.536583,48,48-34,24-17,24-17,10-6,30-22,8-2,2022,TOR,22,65.97281125992063,26.231003238931265,27.10470610119048,25.035087049349254,6,3,23.997794117647057,24.770384320834587,69.21999591503268,26.527916097121306,2,1,FALSE,TRUE,FALSE,FALSE,FALSE,FALSE
7,Denver Nuggets,110.414635,112.71951,1,2.3,37.5,16,55.76923,34,6,189,7,9054,9243,-1,58.536583,48,48-34,23-18,25-16,6-10,29-23,6-4,2022,DEN,22,76.71419270833333,23.882670874584022,17.96271701388889,22.64816950983673,4,3,27.96975081699346,25.650659339198477,65.409477124183,28.746228560883175,3,2,FALSE,TRUE,FALSE,FALSE,FALSE,FALSE
16,Minnesota Timberwolves,113.30488,115.96342,7,2.7,75,18,61.538464000000005,36,7,218,5,9291,9509,-1,56.09756,46,46-36,26-15,20-21,12-4,32-20,4-6,2022,MIN,22,75.746452294686,21.415353027631888,18.47589573268921,18.974270039492687,2,0,27.615219907407408,25.19182906984389,65.00900848765431,26.63588482857136,5,2,FALSE,TRUE,FALSE,FALSE,FALSE,FALSE
4,Chicago Bulls,112,111.60976,1,-0.400000000000006,62.5,18,55.76923,36,6,-32,5,9184,9152,1,56.09756,46,46-36,27-14,19-22,10-6,29-23,4-6,2022,CHI,22,70.0438556763285,24.563958396481375,24.209012681159418,23.32319940433956,4,3,17.09068287037037,20.48761421333665,77.18022762345679,21.9445806866665,2,1,FALSE,TRUE,FALSE,FALSE,FALSE,FALSE
17,Brooklyn Nets,112.085365,112.902435,7,0.800000000000011,62.5,20,59.615386,38,7,67,3,9191,9258,4,53.65854,44,44-38,20-21,24-17,10-6,31-21,6-4,2022,BKN,22,66.89011994949496,30.09460046226524,27.090404040404042,28.35936054248475,7,4,26.726498538011693,25.226724781027706,68.00836988304093,27.527385726915288,5,2,FALSE,TRUE,FALSE,FALSE,FALSE,FALSE
5,Cleveland Cavaliers,105.67073,107.79269,6,2.09999999999999,62.5,20,51.92308,38,9,174,3,8665,8839,1,53.65854,44,44-38,25-16,19-22,10-6,27-25,3-7,2022,CLE,22,67.33959911616162,29.442808111011843,25.671243686868685,27.618564186248122,7,4,32.55637792397661,26.323984478450807,62.04230628654971,27.543060445023144,7,2,FALSE,TRUE,FALSE,FALSE,FALSE,FALSE
1,Atlanta Hawks,112.37805,113.939026,7,1.5,56.25,21,50,39,8,128,2,9215,9343,1,52.43902,43,43-39,27-14,16-25,9-7,26-26,7-3,2022,ATL,22,76.15625,24.6659950176907,19.60481266149871,23.55401995987313,3,1,27.366470797720797,22.342302737465783,65.87145655270655,25.100585183279684,2,1,FALSE,TRUE,FALSE,FALSE,FALSE,FALSE
30,Charlotte Hornets,114.89024,115.32927,6,0.399999999999991,50,21,51.92308,39,10,36,2,9421,9457,3,52.43902,43,43-39,22-19,21-20,8-8,27-25,6-4,2022,CHA,22,68.47706718346252,23.970371648941136,25.7156815245478,22.170270415366318,2,1,19.119729344729343,20.013225635591045,72.91747981956316,24.83061685139847,1,1,FALSE,TRUE,FALSE,FALSE,FALSE,FALSE
12,LA Clippers,108.39024,108.414635,6,0,56.25,22,50,40,9,2,1,8888,8890,5,51.21951,42,42-40,25-16,17-24,9-7,26-26,6-4,2022,LAC,22,65.02984457671957,30.954074848998754,30.324156746031743,30.61418110975505,8,5,19.29637152777778,19.071884900221708,74.92737847222222,22.400941716749188,1,1,FALSE,TRUE,FALSE,FALSE,FALSE,FALSE
18,New York Knicks,106.597565,106.47561,4,-0.0999999999999943,31.25,27,42.307693,45,11,-10,-4,8741,8731,2,45.12195,37,37-45,17-24,20-21,5-11,22-30,7-3,2022,NY,22,73.3479104104104,27.230778481074186,21.24311811811812,25.742145102559743,4,2,27.070401234567903,23.673445295594274,66.71592592592592,25.945981305649706,3,1,FALSE,FALSE,FALSE,FALSE,FALSE,FALSE
3,New Orleans Pelicans,110.28049,109.29269,7,-1,37.5,28,48.076921999999996,46,8,-81,-5,9043,8962,-2,43.90244,36,36-46,19-22,17-24,6-10,25-27,6-4,2022,NO,22,66.80711805555556,27.505055947249918,26.785879629629626,25.516263317743,4,2,18.985733695652172,25.62180858112849,75.58186896135265,27.377733465740246,7,2,FALSE,TRUE,FALSE,FALSE,FALSE,FALSE
27,Washington Wizards,112,108.62195,4,-3.40000000000001,43.75,29,46.153846,47,12,-277,-6,9184,8907,-3,42.682928,35,35-47,21-20,14-27,7-9,24-28,5-5,2022,WSH,22,62.466613756613754,24.40208616413138,29.379034391534393,22.844468158080097,3,1,21.406471631205672,27.094468065637418,73.64740937746257,28.184472018641323,5,4,FALSE,FALSE,FALSE,FALSE,FALSE,FALSE
24,San Antonio Spurs,113.03658,113.15854,6,0.200000000000003,37.5,30,46.153846,48,10,10,-7,9269,9279,-3,41.463414,34,34-48,16-25,18-23,6-10,24-28,6-4,2022,SA,22,79.36441312636165,23.345132815906492,15.343852124183005,20.41503655905434,1,1,21.799421296296295,20.855064695467586,71.38900462962962,22.876941235793748,3,1,FALSE,TRUE,FALSE,FALSE,FALSE,FALSE
13,Los Angeles Lakers,115.14634,112.097565,4,-3,18.75,31,34.615386,49,11,-250,-8,9442,9192,2,40.243902999999996,33,33-49,21-20,12-29,3-13,18-34,2-8,2022,LAL,22,58.2101430976431,23.298718584769425,31.77142255892256,20.039174301273754,2,0,27.546963070942667,27.833717278418966,66.30196995464853,29.744918288897825,8,5,FALSE,FALSE,FALSE,FALSE,FALSE,FALSE
23,Sacramento Kings,115.768295,110.30488,4,-5.5,37.5,34,38.46154,52,12,-448,-11,9493,9045,1,36.585367000000005,30,30-52,16-25,14-27,6-10,20-32,5-5,2022,SAC,22,62.28159722222222,26.442595695506014,30.084507275132278,23.789694854694694,3,1,23.270753205128205,25.89218018762291,71.88468215811966,27.857834352222266,5,3,FALSE,FALSE,FALSE,FALSE,FALSE,FALSE
22,Portland Trail Blazers,115.10976,106.231705,4,-8.89999999999999,6.25,37,21.153846,55,13,-728,-14,9439,8711,-11,32.92683,27,27-55,17-24,10-31,1-15,11-41,0-10,2022,POR,22,74.2281378600823,26.489557509940415,20.954732510288064,24.3596646543531,3,1,19.00614898989899,20.875716779598154,75.83580808080808,23.060506361282567,3,1,FALSE,FALSE,FALSE,FALSE,FALSE,FALSE
11,Indiana Pacers,114.939026,111.46342,4,-3.40000000000001,12.5,39,21.153846,57,13,-285,-16,9425,9140,-10,30.487806,25,25-57,16-25,9-32,2-14,11-41,0-10,2022,IND,22,71.00425,29.118319612814364,22.099555555555554,23.814441327394565,2,1,23.18329678362573,25.893879433744633,70.3848806042885,28.068926136804844,7,4,FALSE,FALSE,FALSE,FALSE,FALSE,FALSE
25,Oklahoma City Thunder,111.82927,103.731705,4,-8.09999999999999,37.5,40,32.692307,58,14,-664,-17,9170,8506,-3,29.268292000000002,24,24-58,12-29,12-29,6-10,17-35,4-6,2022,OKC,22,48.81967592592593,28.710064254640983,43.520746527777774,27.905046843503385,8,4,17.507147988505746,24.718530923093354,77.17575431034483,26.48563203130528,5,2,FALSE,FALSE,FALSE,FALSE,FALSE,FALSE
8,Detroit Pistons,112.54878,104.82927,4,-7.7,37.5,41,34.615386,59,14,-633,-18,9229,8596,-3,28.04878,23,23-59,13-28,10-31,6-10,18-34,4-6,2022,DET,22,53.138526570048306,27.23137411374845,38.08109903381642,25.588208044012728,5,2,21.332450564971754,23.870088154023325,73.28295668549906,25.362482722553654,5,4,FALSE,FALSE,FALSE,FALSE,FALSE,FALSE
19,Orlando Magic,112.231705,104.231705,4,-8,18.75,42,23.076923,60,15,-656,-19,9203,8547,1,26.82927,22,22-60,12-29,10-31,3-13,12-40,3-7,2022,ORL,22,58.639993686868685,28.32637624967054,36.03314393939394,27.823287635176747,4,2,18.90740740740741,19.572514441787668,75.16932870370371,22.624478872068835,2,0,FALSE,FALSE,FALSE,FALSE,FALSE,FALSE
10,Houston Rockets,118.19512,109.71951,4,-8.5,18.75,44,21.153846,62,15,-695,-21,9692,8997,-7,24.390244,20,20-62,11-30,9-32,3-13,11-41,3-7,2022,HOU,22,65.65107638888888,29.538391894675485,29.177881944444444,29.478575882530762,4,3,20.803763440860216,23.404192076044534,74.50378584229391,25.091721191711585,5,3,FALSE,FALSE,FALSE,FALSE,FALSE,FALSE
15,Milwaukee Bucks,113.30488,116.939026,5,3.60000000000001,68.75,0,67.30769,24,1,298,17,9291,9589,-2,70.731705,58,58-24,32-9,26-15,11-5,35-17,6-4,2023,MIL,23,75.24679517879949,25.283221560649704,19.166858237547892,23.072708642538437,6,1,26.61649305555556,26.90277450612917,67.07407407407408,29.475494148444724,2,2,TRUE,TRUE,FALSE,FALSE,FALSE,FALSE
2,Boston Celtics,111.414635,117.939026,2,6.5,68.75,1,65.384614,25,2,535,16,9136,9671,3,69.51219400000001,57,57-25,32-9,25-16,11-5,34-18,8-2,2023,BOS,23,76.82418372319688,21.422608916273884,17.21235380116959,18.699254827106877,1,1,27.89187037037037,25.081067844065224,62.44032407407407,29.30713257442406,4,2,TRUE,TRUE,TRUE,TRUE,FALSE,FALSE
20,Philadelphia 76ers,110.902435,115.21951,1,4.3,62.5,4,65.384614,28,3,354,13,9094,9448,2,65.85366,54,54-28,29-12,25-16,10-6,34-18,5-5,2023,PHI,23,64.7627572016461,32.01479621028804,29.046334876543213,31.061270888316812,12,9,25.03257275132275,24.000487006413522,67.17844742063492,25.69086291303507,4,0,FALSE,TRUE,TRUE,FALSE,FALSE,FALSE
7,Denver Nuggets,112.46342,115.79269,3,3.3,62.5,5,65.384614,29,1,273,12,9222,9495,1,64.634144,53,53-29,34-7,19-22,10-6,34-18,5-5,2023,DEN,23,69.26671907756814,26.040863610427422,24.816116352201256,24.838676468917697,5,3,27.520713601532563,25.636520024369187,66.96994731800766,27.072137367690637,2,2,TRUE,TRUE,TRUE,TRUE,TRUE,TRUE
29,Memphis Grizzlies,112.97561,116.914635,2,3.90000000000001,81.25,7,57.69231,31,2,323,10,9264,9587,-1,62.19512,51,51-31,35-6,16-25,13-3,30-22,6-4,2023,MEM,23,79.55988562091503,20.430438573947626,14.695411220043573,18.037730469959744,1,0,34.39381720430107,28.61971939301855,59.74744623655914,29.99155729237149,6,4,TRUE,TRUE,FALSE,FALSE,FALSE,FALSE
5,Cleveland Cavaliers,106.87805,112.256096,1,5.39999999999999,81.25,7,65.384614,31,4,441,10,8764,9205,-1,62.19512,51,51-31,31-10,20-21,13-3,34-18,7-3,2023,CLE,23,67.9896574074074,29.429133814441492,26.004824074074072,26.91831499599816,8,5,29.655801971326163,21.927187009335547,63.86267921146953,24.114822810297813,2,0,FALSE,TRUE,FALSE,FALSE,FALSE,FALSE
23,Sacramento Kings,118.060974,120.70731,2,2.60000000000001,56.25,10,61.538464000000005,34,3,217,7,9681,9898,-3,58.536583,48,48-34,23-18,25-16,9-7,32-20,5-5,2023,SAC,23,66.10205439814814,27.13437180471363,26.90525173611111,24.26223050807835,6,2,24.333537581699346,23.96867565378073,69.25688316993464,24.749685256262968,5,1,TRUE,TRUE,FALSE,FALSE,FALSE,FALSE
18,New York Knicks,113.097565,116.02439,1,2.90000000000001,50,11,61.538464000000005,35,5,240,6,9274,9514,-2,57.31707,47,47-35,23-18,24-17,8-8,32-20,5-5,2023,NY,23,71.82778762805358,25.72624684075985,21.648438731284475,23.407912515542286,4,1,28.284285714285716,27.19873723263885,63.63474206349207,28.475858451592423,6,4,FALSE,TRUE,TRUE,FALSE,FALSE,FALSE
21,Phoenix Suns,111.57317,113.64634,1,2,56.25,13,57.69231,37,4,170,4,9149,9319,-2,54.87805,45,45-37,28-13,17-24,9-7,30-22,7-3,2023,PHX,23,78.34885802469135,21.415359422285775,15.590046296296297,19.021800725806898,2,1,24.90671921921922,26.73855708911883,68.73353978978979,29.5510902621188,5,3,FALSE,TRUE,FALSE,FALSE,FALSE,FALSE
17,Brooklyn Nets,112.5,113.35366,1,0.900000000000006,43.75,13,57.69231,37,6,70,4,9225,9295,-1,54.87805,45,45-37,23-18,22-19,7-9,30-22,6-4,2023,BKN,23,67.7095524691358,26.78012853061463,26.80702160493827,25.096291944915507,5,2,25.751632882882884,24.129045343452592,68.4018581081081,25.161094106628372,3,2,FALSE,TRUE,FALSE,FALSE,FALSE,FALSE
14,Miami Heat,109.79269,109.47561,2,-0.299999999999997,62.5,14,46.153846,38,8,-26,3,9003,8977,1,53.65854,44,44-38,27-14,17-24,10-6,24-28,6-4,2023,MIA,23,60.83874684343434,24.88322465525533,31.09887941919192,22.983305308301354,5,3,27.61595394736842,20.139413688206425,65.46275584795322,21.771242278765364,2,1,TRUE,TRUE,TRUE,TRUE,TRUE,FALSE
12,LA Clippers,113.085365,113.585365,1,0.5,56.25,14,51.92308,38,5,41,3,9273,9314,3,53.65854,44,44-38,23-18,21-20,9-7,27-25,6-4,2023,LAC,23,64.60298295454545,25.673658791225286,28.036616161616163,24.00724622433281,6,2,24.577722953216373,24.723044153773984,68.61281067251463,27.909019712561445,4,2,FALSE,TRUE,FALSE,FALSE,FALSE,FALSE
9,Golden State Warriors,117.13415,118.939026,1,1.80000000000001,43.75,14,57.69231,38,6,148,3,9605,9753,3,53.65854,44,44-38,33-8,11-30,7-9,30-22,8-2,2023,GS,23,67.89123000841751,30.155781791629916,26.342119107744104,27.765703721146156,7,3,23.521454678362574,22.1181925481621,70.30321637426901,25.255279256805313,3,0,FALSE,TRUE,TRUE,FALSE,FALSE,FALSE
13,Los Angeles Lakers,116.597565,117.17073,7,0.600000000000009,37.5,15,51.92308,39,7,47,2,9561,9608,2,52.43902,43,43-39,23-18,20-21,6-10,27-25,8-2,2023,LAL,23,67.08827519379845,28.2282042080217,26.185562015503876,26.323056293053188,6,3,21.957769468186132,21.92246735224231,70.7804131054131,23.117838874379732,2,2,FALSE,TRUE,TRUE,TRUE,FALSE,FALSE
16,Minnesota Timberwolves,115.81707,115.78049,7,0,50,16,55.76923,40,8,-3,1,9497,9494,3,51.21951,42,42-40,22-19,20-21,8-8,29-23,7-3,2023,MIN,23,73.93402777777777,24.11644404560996,20.846395502645503,22.403865912728303,2,2,32.769699074074076,27.699337503592503,59.00447337962963,30.14427464004999,5,4,FALSE,TRUE,FALSE,FALSE,FALSE,FALSE
3,New Orleans Pelicans,112.47561,114.36585,6,1.90000000000001,68.75,16,55.76923,40,10,155,1,9223,9378,-1,51.21951,42,42-40,27-14,15-26,11-5,29-23,7-3,2023,NO,23,73.9821593915344,25.219510284435604,20.272255291005294,22.050023206041715,3,2,25.16368055555556,27.690524440511393,69.42604166666668,29.19103613303476,8,3,FALSE,TRUE,FALSE,FALSE,FALSE,FALSE
1,Atlanta Hawks,118.13415,118.42683,7,0.300000000000011,50,17,50,41,7,24,0,9687,9711,-2,50,41,41-41,24-17,17-24,8-8,26-26,5-5,2023,ATL,23,74.87371273712738,20.823024985915634,19.132164634146342,18.509769908509092,0,0,26.62040424570912,27.918128950610292,68.32991757000903,29.30370375713343,8,4,FALSE,TRUE,FALSE,FALSE,FALSE,FALSE
28,Toronto Raptors,111.37805,112.85366,6,1.5,25,17,50,41,10,121,0,9133,9254,1,50,41,41-41,27-14,14-27,4-12,26-26,6-4,2023,TOR,23,75.0232554200542,23.48085441570392,19.364735772357726,21.11223441622249,2,1,26.69964430894309,28.133088117336037,67.21488821138212,29.24550241049888,6,4,FALSE,TRUE,FALSE,FALSE,FALSE,FALSE
4,Chicago Bulls,111.82927,113.12195,6,1.3,43.75,18,51.92308,42,9,106,-1,9170,9276,2,48.78049,40,40-42,22-19,18-23,7-9,27-25,6-4,2023,CHI,23,66.81724537037037,27.111902382566804,26.23887731481481,24.521602504857476,4,1,26.39684193121693,25.207589332754836,66.796875,27.06804755396349,6,3,FALSE,TRUE,FALSE,FALSE,FALSE,FALSE
25,Oklahoma City Thunder,116.39024,117.47561,6,1.09999999999999,56.25,18,48.076921999999996,42,9,89,-1,9544,9633,2,48.78049,40,40-42,24-17,16-25,9-7,25-27,4-6,2023,OKC,23,65.39092013888889,29.579654941396612,28.188645833333332,27.457178560672475,6,4,19.89857804232804,21.378963737147405,72.92116953262786,24.660860886429127,2,2,FALSE,TRUE,FALSE,FALSE,FALSE,FALSE
6,Dallas Mavericks,114.14634,114.21951,4,0.100000000000009,56.25,20,53.84615699999999,44,11,6,-3,9360,9366,-2,46.341464,38,38-44,23-18,15-26,9-7,28-24,2-8,2023,DAL,23,65.32085160818714,26.345388478633254,27.260514132553602,24.56168628965115,3,3,27.323074494949495,26.282653722069142,65.54985795454546,29.047835246586274,6,3,FALSE,FALSE,FALSE,FALSE,FALSE,FALSE
26,Utah Jazz,118.01219,117.07317,4,-0.900000000000006,37.5,21,46.153846,45,12,-77,-4,9677,9600,-1,45.12195,37,37-45,23-18,14-27,6-10,24-28,2-8,2023,UTAH,23,66.2875563063063,27.602837052756847,26.914395645645644,25.849466497819577,4,3,19.682345679012343,22.078028094184198,74.44637345679013,24.147021482298705,2,2,FALSE,FALSE,FALSE,FALSE,FALSE,FALSE
11,Indiana Pacers,119.46342,116.28049,4,-3.2,43.75,23,46.153846,47,11,-261,-6,9796,9535,1,42.682928,35,35-47,20-21,15-26,7-9,24-28,3-7,2023,IND,23,55.83692460317461,27.749328741324014,37.50625,27.947818904381766,9,5,22.145124113475177,25.187352072888373,72.2155585106383,26.902756349323464,5,2,FALSE,FALSE,FALSE,FALSE,FALSE,FALSE
27,Washington Wizards,114.36585,113.15854,4,-1.2,50,23,40.384614,47,12,-99,-6,9378,9279,-1,42.682928,35,35-47,19-22,16-25,8-8,21-31,3-7,2023,WSH,23,73.23160714285714,25.737325229538687,21.756845238095238,23.885971736635387,2,2,29.853501773049647,26.91807683186214,64.2188829787234,28.49811544809868,8,6,FALSE,FALSE,FALSE,FALSE,FALSE,FALSE
19,Orlando Magic,113.97561,111.414635,4,-2.59999999999999,43.75,24,38.46154,48,13,-210,-7,9346,9136,-4,41.463414,34,34-48,20-21,14-27,7-9,20-32,5-5,2023,ORL,23,66.19722222222222,27.747243091129775,27.36294934640523,27.328684264615255,7,3,22.351258680555556,23.054449889578013,71.86046006944444,25.03302093902161,4,2,FALSE,FALSE,FALSE,FALSE,FALSE,FALSE
22,Portland Trail Blazers,117.414635,113.402435,4,-4,43.75,25,44.230768,49,13,-329,-8,9628,9299,-4,40.243902999999996,33,33-49,17-24,16-25,7-9,23-29,1-9,2023,POR,23,63.29299242424242,27.33567687500112,29.60256734006734,25.22523094779798,4,3,27.768156828703706,26.367247567359353,66.9406105324074,27.709725383405765,6,3,FALSE,FALSE,FALSE,FALSE,FALSE,FALSE
30,Charlotte Hornets,117.19512,110.95122,4,-6.2,43.75,31,28.846154000000002,55,14,-512,-14,9610,9098,1,32.92683,27,27-55,13-28,14-27,7-9,15-37,5-5,2023,CHA,23,65.78060699588477,32.12096521870287,28.971553497942388,30.607881590779613,5,3,17.4276936026936,20.632592144299345,76.31298400673401,22.73093060978809,3,1,FALSE,FALSE,FALSE,FALSE,FALSE,FALSE
10,Houston Rockets,118.597565,110.743904,4,-7.89999999999999,25,36,23.076923,60,14,-644,-19,9725,9081,3,26.82927,22,22-60,14-27,8-33,4-12,12-40,4-6,2023,HOU,23,62.34748526936027,29.47770565745118,30.041087962962965,27.778501921295767,5,2,21.563020833333333,25.161088602562547,73.1411574074074,26.314637460738343,5,4,FALSE,FALSE,FALSE,FALSE,FALSE,FALSE
24,San Antonio Spurs,123.07317,113.03658,4,-10.1,18.75,36,19.23077,60,15,-823,-19,10092,9269,1,26.82927,22,22-60,14-27,8-33,3-13,10-42,3-7,2023,SA,23,69.85438762626262,24.8312256207071,23.907670454545457,23.672353505040736,1,1,18.075435956790123,20.44817794367241,76.08358796296297,23.05438370642333,4,1,FALSE,FALSE,FALSE,FALSE,FALSE,FALSE
8,Detroit Pistons,118.52439,110.30488,4,-8.2,12.5,41,15.384616000000001,65,15,-674,-24,9719,9045,-1,20.731707,17,17-65,9-32,8-33,2-14,8-44,1-9,2023,DET,23,60.19485294117647,23.982527314595693,31.487159586056645,20.02725999031246,1,0,17.876014957264957,21.199858556303376,76.86725427350427,23.5464512308413,4,2,FALSE,FALSE,FALSE,FALSE,FALSE,FALSE
2,Boston Celtics,109.231705,120.57317,5,11.4,88.23529500000001,0,78.84615699999999,18,1,930,23,8957,9887,2,78.04878,64,64-18,37-4,27-14,15-2,41-11,7-3,2024,BOS,24,81.05120442708333,19.46430228489053,13.979351128472222,17.17184162710602,2,1,37.46485339506172,30.229765590457873,53.220293209876544,33.7765920427579,5,2,TRUE,TRUE,TRUE,TRUE,TRUE,TRUE
25,Oklahoma City Thunder,112.67073,120.085365,3,7.39999999999999,75,7,69.23076999999999,25,1,608,16,9239,9847,5,69.51219400000001,57,57-25,33-8,24-17,12-4,36-16,7-3,2024,OKC,24,74.23786549707603,26.535093007290467,20.03753248862898,22.792083529460218,3,2,22.780305555555554,23.50798892576,71.71208333333333,25.4107508065111,3,1,TRUE,TRUE,TRUE,FALSE,FALSE,FALSE
7,Denver Nuggets,109.597565,114.85366,1,5.30000000000001,62.5,7,63.461535999999995,25,2,431,16,8987,9418,1,69.51219400000001,57,57-25,33-8,24-17,10-6,33-19,6-4,2024,DEN,24,75.24695419103313,23.657549181534932,19.90710282651072,22.11697112415376,4,0,31.29513888888889,32.20948078513899,62.074194444444444,33.33314594473756,6,3,FALSE,TRUE,TRUE,FALSE,FALSE,FALSE
16,Minnesota Timberwolves,106.52439,112.97561,1,6.5,75,8,71.15384300000001,26,3,529,15,8735,9264,-1,68.292683,56,56-26,30-11,26-15,12-4,37-15,6-4,2024,MIN,24,67.79965277777778,26.15153830605396,25.81623263888889,24.495652052177,7,3,29.65146901709402,26.545840115603202,62.956971153846155,27.996686550585913,5,2,FALSE,TRUE,TRUE,TRUE,FALSE,FALSE
12,LA Clippers,112.34146,115.62195,2,3.3,56.25,13,57.69231,31,4,269,10,9212,9481,-3,62.19512,51,51-31,25-16,26-15,9-7,30-22,6-4,2024,LAC,24,68.958401416122,30.259845937836737,26.703090958605664,29.8538533441965,6,6,26.092629928315414,23.90758561902665,66.84744623655914,26.35146577275702,3,2,TRUE,TRUE,FALSE,FALSE,FALSE,FALSE
6,Dallas Mavericks,115.64634,117.85366,2,2.30000000000001,68.75,14,59.615386,32,5,181,9,9483,9664,-2,60.97561,50,50-32,25-16,25-16,11-5,31-21,7-3,2024,DAL,24,69.62270833333332,27.526518082610934,24.956805555555555,25.339353191370094,5,2,20.236328125,21.526755163043813,75.26616753472223,22.447486844517385,1,1,TRUE,TRUE,TRUE,TRUE,TRUE,FALSE
18,New York Knicks,108.20731,112.79269,1,4.59999999999999,70.58824,14,67.30769,32,2,376,9,8873,9249,5,60.97561,50,50-32,27-14,23-18,12-5,35-17,6-4,2024,NY,24,76.84055555555555,24.377297514403143,17.962569444444444,22.46630826354588,4,2,13.731553819444445,16.943992494943586,80.52387152777779,18.760778043338323,1,0,FALSE,TRUE,TRUE,FALSE,FALSE,FALSE
15,Milwaukee Bucks,116.35366,118.97561,2,2.59999999999999,58.823530000000005,15,65.384614,33,3,215,8,9541,9756,-2,59.756100000000004,49,49-33,31-11,18-22,10-7,34-18,3-7,2024,MIL,24,72.71000566893424,24.458308466034097,21.25079365079365,22.149950303654833,3,2,24.510276374859707,22.15415713126999,69.51559343434343,26.235311959419583,2,0,TRUE,TRUE,FALSE,FALSE,FALSE,FALSE
3,New Orleans Pelicans,110.65854,115.07317,7,4.39999999999999,56.25,15,57.69231,33,8,362,8,9074,9436,-1,59.756100000000004,49,49-33,21-19,28-14,9-7,30-22,5-5,2024,NO,24,83.25148809523809,17.442513731823485,12.371952947845804,15.94048771331346,2,1,30.577041245791246,27.918809146351002,63.18928872053872,29.458931037865383,6,3,FALSE,TRUE,FALSE,FALSE,FALSE,FALSE
21,Phoenix Suns,113.18293,116.243904,1,3,50,15,55.76923,33,6,251,8,9281,9532,3,59.756100000000004,49,49-33,25-16,24-17,9-9,29-23,7-3,2024,PHX,24,73.76103552532123,26.146650341040477,20.452938397581256,25.1188803207536,4,4,31.771254208754208,28.320718531007717,62.94896885521886,28.596239931413653,6,3,FALSE,TRUE,FALSE,FALSE,FALSE,FALSE
5,Cleveland Cavaliers,110.21951,112.63415,1,2.39999999999999,68.75,16,59.615386,34,4,198,7,9038,9236,-1,58.536583,48,48-34,26-15,22-19,11-5,31-21,4-6,2024,CLE,24,73.49048032407407,25.129513279311787,20.09224537037037,23.318969483684445,3,3,25.131263616557735,26.338555099993915,68.93358523965142,28.45953075818844,3,2,FALSE,TRUE,TRUE,FALSE,FALSE,FALSE
19,Orlando Magic,108.45122,110.46342,2,2,56.25,17,61.538464000000005,35,5,165,6,8893,9058,1,57.31707,47,47-35,29-12,18-23,9-7,32-20,5-5,2024,ORL,24,71.70926418439716,23.574892215233398,22.07350768321513,22.54335331486723,5,1,21.149801587301585,21.221024420509096,73.73287037037038,24.05351543694252,1,0,TRUE,TRUE,FALSE,FALSE,FALSE,FALSE
13,Los Angeles Lakers,117.439026,118.03658,7,0.599999999999994,41.176469999999995,17,51.92308,35,7,49,6,9630,9679,2,57.31707,47,47-35,28-14,19-21,7-10,27-25,7-3,2024,LAL,24,69.11508969907408,26.164027604596065,24.123273533950616,22.25747227348526,4,1,15.460615079365079,18.392788476530917,79.72333333333333,20.087160201873164,1,0,FALSE,TRUE,FALSE,FALSE,FALSE,FALSE
20,Philadelphia 76ers,111.54878,114.57317,7,3.09999999999999,50,17,59.615386,35,7,248,6,9147,9395,8,57.31707,47,47-35,25-16,22-19,8-8,31-21,8-2,2024,PHI,24,75.46165780141844,23.148967605283303,19.5702817178881,21.21132552826803,3,2,21.945317460317458,23.659564710263638,72.09821428571429,25.626633278562476,2,1,FALSE,TRUE,FALSE,FALSE,FALSE,FALSE
11,Indiana Pacers,120.243904,123.29269,1,3.09999999999999,64.705884,17,61.538464000000005,35,6,250,6,9860,10110,1,57.31707,47,47-35,26-15,21-20,11-6,32-20,7-3,2024,IND,24,69.99187352245862,23.852623149857543,25.0830378250591,22.763298036396392,3,2,21.694058641975307,22.591506048567247,72.54041280864197,24.100721695842566,2,2,FALSE,TRUE,TRUE,TRUE,FALSE,FALSE
14,Miami Heat,108.39024,110.14634,7,1.69999999999999,81.25,18,61.538464000000005,36,8,144,5,8888,9032,2,56.09756,46,46-36,22-19,24-17,13-3,32-20,7-3,2024,MIA,24,75.6626056763285,22.87893104512264,17.964522946859905,21.202339472137975,3,2,30.887442129629626,25.269095640918632,63.840760030864196,26.26859010874473,5,2,FALSE,TRUE,FALSE,FALSE,FALSE,FALSE
23,Sacramento Kings,114.81707,116.560974,6,1.8,58.823530000000005,18,57.69231,36,9,143,5,9415,9558,1,56.09756,46,46-36,24-17,22-19,10-7,30-22,4-6,2024,SAC,24,73.55007045088567,26.150087548539325,20.596920289855074,25.23499033690979,4,3,30.309047067901236,29.544861523930045,63.87436342592593,31.071379714836777,7,4,FALSE,FALSE,FALSE,FALSE,FALSE,FALSE
9,Golden State Warriors,115.15854,117.768295,6,2.59999999999999,43.75,18,50,36,10,214,5,9443,9657,1,56.09756,46,46-36,21-20,25-16,7-9,26-26,8-2,2024,GS,24,70.61050724637681,22.874611691371953,23.6363979468599,20.401184037006256,2,1,32.591673096707815,29.003589313215965,59.857523148148154,30.956521548287668,5,4,FALSE,FALSE,FALSE,FALSE,FALSE,FALSE
10,Houston Rockets,113.20731,114.32927,4,1.09999999999999,56.25,23,53.84615699999999,41,11,92,0,9283,9375,2,50,41,41-41,27-14,14-27,9-7,28-24,4-6,2024,HOU,24,71.11321138211382,26.135930660977568,23.638600948509485,25.017768265720463,5,1,23.360128726287265,24.753936662278246,69.91466802168021,27.5205857820489,3,3,FALSE,FALSE,FALSE,FALSE,FALSE,FALSE
4,Chicago Bulls,113.70731,112.268295,6,-1.40000000000001,43.75,25,43.137255,43,9,-118,-2,9324,9206,-1,47.560975,39,39-43,20-21,19-22,7-9,22-29,5-5,2024,CHI,24,63.061170465337135,28.136604954110638,28.363402184235518,25.094404513083635,4,3,18.211175710594315,21.536407711278926,75.87449935400517,23.420536781817365,2,2,FALSE,FALSE,FALSE,FALSE,FALSE,FALSE
1,Atlanta Hawks,120.48781,118.32927,6,-2.2,50,28,42.307693,46,10,-177,-5,9880,9703,-6,43.90244,36,36-46,21-20,15-26,8-8,22-30,3-7,2024,ATL,24,68.05605709876544,26.927217412452155,24.89579475308642,24.15714061243623,3,2,23.101826690821255,21.634512894879403,70.90264190821256,22.889047387896046,2,1,FALSE,FALSE,FALSE,FALSE,FALSE,FALSE
17,Brooklyn Nets,113.256096,110.37805,4,-2.89999999999999,31.25,32,46.153846,50,11,-236,-9,9287,9051,-2,39.02439,32,32-50,20-21,12-29,5-11,24-28,5-5,2024,BKN,24,68.03539496527777,28.366304085279932,26.924479166666664,26.84322040558531,3,2,24.964166666666667,25.345463048558596,68.07794444444446,28.657901634159483,4,2,FALSE,FALSE,FALSE,FALSE,FALSE,FALSE
26,Utah Jazz,120.54878,115.65854,4,-4.8,31.25,33,30.769232000000002,51,12,-401,-10,9885,9484,-1,37.804877999999995,31,31-51,21-20,10-31,5-11,16-36,2-8,2024,UTAH,24,67.95557795698925,27.516105100137477,25.436917562724016,25.51093419571984,4,1,11.732234931009442,15.931122020080052,83.23053740014524,18.59785170421368,1,0,FALSE,FALSE,FALSE,FALSE,FALSE,FALSE
29,Memphis Grizzlies,112.81707,105.81707,4,-7,50,37,27.450982000000003,55,13,-574,-14,9251,8677,-5,32.92683,27,27-55,9-32,18-23,8-8,14-37,3-7,2024,MEM,24,57.83912037037037,28.75843854542915,34.70334362139918,27.089682900654445,4,3,21.076237373737374,21.072210122743908,73.1138888888889,23.88844646805364,3,1,FALSE,FALSE,FALSE,FALSE,FALSE,FALSE
28,Toronto Raptors,118.79269,112.35366,4,-6.39999999999999,6.25,39,34.615386,57,12,-528,-16,9741,9213,-4,30.487806,25,25-57,14-27,11-30,1-15,18-34,2-8,2024,TOR,24,68.44263888888888,31.47874521294724,27.322666666666667,29.65107030798299,4,2,22.01515188434048,22.92511429990179,71.38651315789474,24.859190275188723,4,3,FALSE,FALSE,FALSE,FALSE,FALSE,FALSE
24,San Antonio Spurs,118.585365,112.097565,4,-6.5,18.75,42,27.450982000000003,60,14,-532,-19,9724,9192,2,26.82927,22,22-60,12-29,10-31,3-13,14-37,6-4,2024,SA,24,64.62799873737374,35.302035094501,28.970044191919193,32.411213533551845,5,2,25.611431327160496,25.09523923857589,68.7085648148148,27.627381758350406,6,5,FALSE,FALSE,FALSE,FALSE,FALSE,FALSE
30,Charlotte Hornets,116.82927,106.585365,4,-10.2,37.5,43,26.923078,61,13,-840,-20,9580,8740,1,25.609756,21,21-61,11-30,10-31,6-10,14-38,3-7,2024,CHA,24,51.53306878306878,31.64404754235552,42.088260582010584,30.02645149201922,7,3,14.480191256830603,18.395884358634895,80.09700591985428,19.406922934091227,3,1,FALSE,FALSE,FALSE,FALSE,FALSE,FALSE
22,Portland Trail Blazers,115.39024,106.36585,4,-9,6.25,43,15.384616000000001,61,15,-740,-20,9462,8722,-5,25.609756,21,21-61,11-30,10-31,1-15,8-44,2-8,2024,POR,24,53.12569444444445,25.41683579083835,36.90651455026455,23.311433042968243,3,1,18.18023679417122,23.203043349011043,76.79673269581056,25.07076095289759,5,3,FALSE,FALSE,FALSE,FALSE,FALSE,FALSE
27,Washington Wizards,123.03658,113.743904,4,-9.3,25,49,21.153846,67,14,-762,-26,10089,9327,-6,18.292683,15,15-67,7-34,8-33,4-12,11-41,1-9,2024,WSH,24,66.4974537037037,28.186914399865138,26.852314814814815,25.25204710069575,1,1,23.569796849087894,24.302883429766105,71.21544361525704,26.14128283279078,7,3,FALSE,FALSE,FALSE,FALSE,FALSE,FALSE
8,Detroit Pistons,118.98781,109.87805,4,-9.09999999999999,12.5,50,19.607843,68,15,-747,-27,9757,9010,-1,17.073171000000002,14,14-68,7-33,7-35,2-14,10-41,2-8,2024,DET,24,66.88467261904762,24.14543549972321,25.129761904761907,21.117377057093346,1,1,20.500959967320263,23.0336612819605,74.2625204248366,24.48206667071359,7,4,FALSE,FALSE,FALSE,FALSE,FALSE,FALSE
25,Oklahoma City Thunder,107.63415,120.5,3,12.9,75,0,75,14,1,1055,27,8826,9881,4,82.92683,68,68-14,35-6,32-8,12-4,39-13,8-2,2025,OKC,25,77.12714460784314,22.828177660925242,17.965533088235293,21.40228347734198,4,3,33.64615740740741,25.839582421317807,59.83379629629629,27.717446258560575,2,2,TRUE,TRUE,TRUE,TRUE,TRUE,TRUE
5,Cleveland Cavaliers,112.414635,121.939026,3,9.5,75,4,78.84615699999999,18,1,781,23,9218,9999,-1,78.04878,64,64-18,34-7,30-11,12-4,41-11,6-4,2025,CLE,25,76.64535590277778,24.82039398114303,18.89237196180556,22.486661360722017,5,2,35.93827160493827,27.577747473673913,57.168402777777786,29.906864772251563,4,1,TRUE,TRUE,TRUE,FALSE,FALSE,FALSE
2,Boston Celtics,107.15854,116.268295,2,9.09999999999999,87.5,7,75,21,2,747,20,8787,9534,2,74.39024400000001,61,61-21,28-13,33-8,14-2,39-13,8-2,2025,BOS,25,76.82375910746812,23.137882990408222,16.99320355191257,19.426459719707758,3,1,30.057208994708994,28.254817545493676,63.33584656084656,29.80763920880623,3,2,TRUE,TRUE,TRUE,FALSE,FALSE,FALSE
10,Houston Rockets,109.78049,114.29269,2,4.5,81.25,16,59.615386,30,2,370,11,9002,9372,-3,63.414632999999995,52,52-30,29-12,23-17,13-3,31-21,6-4,2025,HOU,25,73.60857371794872,24.43553584304042,20.722142094017094,22.325195948154786,3,2,29.17650462962963,24.779603806416127,64.01287037037036,26.480253623047055,5,2,TRUE,TRUE,FALSE,FALSE,FALSE,FALSE
18,New York Knicks,111.68293,115.79269,1,4.09999999999999,75,17,65.384614,31,3,337,10,9158,9495,1,62.19512,51,51-31,27-14,24-17,12-4,34-18,6-4,2025,NY,25,71.0573665577342,26.8520218101145,22.358374183006536,24.114391238100488,4,3,26.118525985663084,25.31359333321018,68.13449820788531,27.10650369759845,2,1,FALSE,TRUE,TRUE,TRUE,FALSE,FALSE
13,Los Angeles Lakers,112.17073,113.39024,2,1.2,75,18,69.23076999999999,32,3,100,9,9198,9298,-1,60.97561,50,50-32,31-10,19-22,12-4,36-16,6-4,2025,LAL,25,80.35145833333334,21.431713608564362,15.442777777777778,19.630913454403892,3,0,23.28244357638889,21.490106391022252,71.0435546875,24.115070849877426,3,0,TRUE,TRUE,FALSE,FALSE,FALSE,FALSE
7,Denver Nuggets,116.86585,120.756096,1,3.89999999999999,50,18,61.538464000000005,32,4,319,9,9583,9902,3,60.97561,50,50-32,26-15,24-17,8-8,32-20,5-5,2025,DEN,25,69.49611111111112,29.53141272212651,24.536902777777776,27.504709252511088,8,5,21.72674334490741,21.95482375933374,72.67704716435185,25.042477510485035,2,1,FALSE,TRUE,TRUE,FALSE,FALSE,FALSE
11,Indiana Pacers,115.13415,117.36585,1,2.30000000000001,62.5,18,56.86275,32,4,183,9,9441,9624,1,60.97561,50,50-32,29-11,20-20,10-6,29-22,8-2,2025,IND,25,66.19829166666666,29.138808552039258,26.65502777777778,26.101434226507802,8,2,20.669835069444446,23.942026786652264,72.90557725694444,26.611561971503267,3,1,FALSE,TRUE,TRUE,TRUE,TRUE,FALSE
12,LA Clippers,108.21951,112.87805,1,4.7,56.25,18,55.76923,32,5,382,9,8874,9256,8,60.97561,50,50-32,30-11,20-21,9-7,29-23,9-1,2025,LAC,25,70.91540277777779,25.62221848772932,22.821069444444444,22.98003484635021,3,2,24.406358506944446,24.609284762740867,69.26471354166667,27.349243062598543,5,1,FALSE,TRUE,FALSE,FALSE,FALSE,FALSE
16,Minnesota Timberwolves,109.29269,114.29269,1,5,68.75,19,63.461535999999995,33,6,410,8,8962,9372,3,59.756100000000004,49,49-33,25-16,24-17,11-5,33-19,8-2,2025,MIN,25,70.11803193499621,28.215575250172222,23.987674792139078,26.73398920508317,7,4,27.667550505050503,25.06056108435572,65.19191919191918,26.509248194830963,3,1,FALSE,TRUE,TRUE,TRUE,FALSE,FALSE
9,Golden State Warriors,110.48781,113.79269,7,3.3,31.25,20,55.76923,34,7,271,7,9060,9331,-1,58.536583,48,48-34,24-17,24-17,5-11,29-23,7-3,2025,GS,25,72.29739583333334,23.055265390194275,22.81105324074074,21.821150496382568,2,0,21.9218341503268,24.45686446041107,72.41019199346405,26.258200872066663,3,2,FALSE,TRUE,TRUE,FALSE,FALSE,FALSE
29,Memphis Grizzlies,116.85366,121.70731,7,4.8,68.75,20,52.941179999999996,34,8,398,7,9582,9980,1,58.536583,48,48-34,26-15,22-19,11-5,27-24,4-6,2025,MEM,25,72.76044560185186,27.42254614078132,22.241102430555557,24.234356540318366,2,1,27.470077614379086,28.022461675119782,67.5391135620915,29.13486395595432,5,4,FALSE,TRUE,FALSE,FALSE,FALSE,FALSE
15,Milwaukee Bucks,113.03658,115.51219,1,2.5,56.25,20,59.615386,34,5,203,7,9269,9472,8,58.536583,48,48-34,27-14,20-20,9-7,31-21,8-2,2025,MIL,25,69.28694727891155,27.184143338275117,24.427749433106577,25.034919033665748,5,2,23.987745098039216,21.86455599237624,68.10386029411765,24.99388202251579,4,0,FALSE,TRUE,FALSE,FALSE,FALSE,FALSE
8,Detroit Pistons,113.597565,115.5,1,1.90000000000001,31.25,24,55.76923,38,6,156,3,9315,9471,-2,53.65854,44,44-38,22-19,22-19,5-11,29-23,4-6,2025,DET,25,76.38936237373737,25.334802092186205,18.442329545454548,23.890593596668626,3,3,20.71827485380117,21.82579136988308,72.63773757309941,24.25500554307998,2,0,FALSE,TRUE,FALSE,FALSE,FALSE,FALSE
19,Orlando Magic,105.54878,105.42683,7,-0.0999999999999943,75,27,59.615386,41,7,-10,0,8655,8645,-1,50,41,41-41,22-19,19-22,12-4,31-21,7-3,2025,ORL,25,63.88702574525745,29.479408086319648,29.915904471544714,27.816481342951693,8,4,27.36331300813008,24.078568215061814,66.8915706865402,26.124734530555276,3,1,TRUE,TRUE,FALSE,FALSE,FALSE,FALSE
1,Atlanta Hawks,119.31707,118.18293,6,-1.09999999999999,62.5,28,57.69231,42,9,-93,-1,9784,9691,3,48.78049,40,40-42,21-19,19-22,10-6,30-22,5-5,2025,ATL,25,66.66333333333333,26.504712782063915,26.108593749999997,24.170911579126468,5,2,22.509457671957673,23.067486857782146,72.18518518518519,23.428523262185145,3,1,FALSE,FALSE,FALSE,FALSE,FALSE,FALSE
23,Sacramento Kings,115.256096,115.731705,6,0.400000000000006,31.25,28,50,42,9,39,-1,9451,9490,1,48.78049,40,40-42,20-21,20-21,5-11,26-26,5-5,2025,SAC,25,64.32596064814815,28.62025096412507,29.115000000000002,25.8727577017584,7,1,26.902992724867726,27.350766159688906,66.61583994708995,28.183911943971076,6,5,FALSE,FALSE,FALSE,FALSE,FALSE,FALSE
4,Chicago Bulls,119.36585,117.80488,6,-1.60000000000001,25,29,53.84615699999999,43,10,-128,-2,9788,9660,3,47.560975,39,39-43,18-23,21-20,4-12,28-24,7-3,2025,CHI,25,58.03393874643875,30.60501749843517,36.261663105413106,30.2160334224786,9,5,21.226808785529716,22.589122536677763,72.72926356589147,24.172558013479396,2,2,FALSE,FALSE,FALSE,FALSE,FALSE,FALSE
6,Dallas Mavericks,115.39024,114.19512,6,-1.2,50,29,44.230768,43,10,-98,-2,9462,9364,-1,47.560975,39,39-43,22-18,17-25,8-8,23-29,4-6,2025,DAL,25,75.12686965811966,24.687514108981873,20.060986467236468,23.29108392085974,1,1,23.436062661498706,21.79202930764039,70.22892441860465,23.828517932754334,3,1,FALSE,FALSE,FALSE,FALSE,FALSE,FALSE
14,Miami Heat,110.03658,110.597565,7,0.599999999999994,62.5,31,46.153846,45,8,46,-4,9023,9069,-1,45.12195,37,37-45,19-22,17-23,10-6,24-28,6-4,2025,MIA,25,70.71663538538539,23.03064562947861,21.642117117117117,20.368012174906486,1,1,35.45276234567901,29.58031132587251,57.072736625514395,30.606241078446967,11,7,FALSE,TRUE,FALSE,FALSE,FALSE,FALSE
21,Phoenix Suns,116.62195,113.62195,4,-3,56.25,32,42.307693,46,11,-246,-5,9563,9317,-1,43.90244,36,36-46,24-17,12-29,9-7,22-30,1-9,2025,PHX,25,68.16983024691358,28.060732742911863,25.456095679012346,25.662328097651425,5,2,21.602430555555554,24.823612565884044,72.5741847826087,27.67116298529982,3,1,FALSE,FALSE,FALSE,FALSE,FALSE,FALSE
22,Portland Trail Blazers,113.86585,110.89024,4,-3,37.5,32,36.53846,46,12,-244,-5,9337,9093,1,43.90244,36,36-46,22-19,14-27,6-10,19-33,4-6,2025,POR,25,64.75136959876544,27.67075802119922,29.427276234567902,26.348176065171668,5,3,20.465247584541064,24.39329881834372,74.13150664251208,26.907247292145637,5,3,FALSE,FALSE,FALSE,FALSE,FALSE,FALSE
24,San Antonio Spurs,116.68293,113.92683,4,-2.8,31.25,34,42.307693,48,13,-226,-7,9568,9342,1,41.463414,34,34-48,20-20,13-27,5-11,22-30,3-7,2025,SA,25,65.92747140522876,25.787324252796175,27.729901960784314,24.711954618713563,5,3,24.09425636574074,25.470083977338113,70.45536747685185,27.370386773509598,4,4,FALSE,FALSE,FALSE,FALSE,FALSE,FALSE
28,Toronto Raptors,115.15854,110.86585,4,-4.3,50,38,40.384614,52,11,-352,-11,9443,9091,-2,36.585367000000005,30,30-52,18-23,12-29,8-8,21-31,5-5,2025,TOR,25,77.85627314814815,19.598392005598104,16.163194444444446,17.52091863550851,0,0,25.203018162393164,26.52125597019192,68.69178685897435,29.449870965019382,8,2,FALSE,FALSE,FALSE,FALSE,FALSE,FALSE
17,Brooklyn Nets,112.21951,105.10976,4,-7.10000000000001,18.75,42,27.450982000000003,56,12,-583,-15,9202,8619,-3,31.707317000000003,26,26-56,12-29,14-27,3-13,14-37,3-7,2025,BKN,25,61.013087606837615,27.172292012799915,32.52524038461539,24.90466212888557,5,0,26.258903769841268,26.36974961541191,67.19288194444445,29.092137706735787,9,3,FALSE,FALSE,FALSE,FALSE,FALSE,FALSE
20,Philadelphia 76ers,115.84146,109.60976,4,-6.2,18.75,44,28.846154000000002,58,13,-511,-17,9499,8988,-2,29.268292000000002,24,24-58,12-29,12-29,3-13,15-37,1-9,2025,PHI,25,71.11594328703703,20.927648053940768,21.64464699074074,17.75627350012035,1,0,18.824401340996168,20.28716968517669,75.08316570881226,21.754974731364225,3,2,FALSE,FALSE,FALSE,FALSE,FALSE,FALSE
3,New Orleans Pelicans,119.256096,109.82927,4,-9.5,18.75,47,25.490197999999996,61,14,-773,-20,9779,9006,-7,25.609756,21,21-61,14-27,7-34,3-13,13-38,2-8,2025,NO,25,57.16302910052911,28.5696252812438,34.2370701058201,25.827982159777868,4,2,21.186020036429873,23.25964378297048,73.90687613843352,25.256518539973904,4,2,FALSE,FALSE,FALSE,FALSE,FALSE,FALSE
30,Charlotte Hornets,114.20731,105.097565,4,-9.10000000000001,6.25,49,19.23077,63,14,-747,-22,9365,8618,-7,23.170732,19,19-63,12-29,7-34,1-15,10-42,1-9,2025,CHA,25,56.99177631578948,35.37305247722415,36.18472222222222,34.46015299548608,6,3,16.731679894179894,22.031690996469163,78.42712742504409,23.87059080920155,5,2,FALSE,FALSE,FALSE,FALSE,FALSE,FALSE
27,Washington Wizards,120.439026,108,4,-12.4,43.75,50,25,64,15,-1020,-23,9876,8856,1,21.95122,18,18-64,8-32,10-31,7-9,13-39,2-8,2025,WSH,25,68.93074845679013,25.01705647933068,25.813271604938272,23.96782555506093,2,1,16.130707465277776,19.567338650164203,78.22826605902777,23.469984208683954,3,1,FALSE,FALSE,FALSE,FALSE,FALSE,FALSE
26,Utah Jazz,121.231705,111.89024,4,-9.3,18.75,51,15.384616000000001,65,15,-766,-24,9941,9175,-2,20.731707,17,17-65,10-31,7-34,3-13,8-44,1-9,2025,UTAH,25,66.43684640522875,23.665678023544025,25.3859068627451,19.810071930200564,0,0,21.635844017094016,23.897708587603805,73.56630341880341,26.29594450245684,6,3,FALSE,FALSE,FALSE,FALSE,FALSE,FALSE
